trade_id,entry_unix,entry_et,entry_time_et,entry_price,entry_session_id,exit_unix,exit_et,exit_time_et,exit_price,exit_session_id,direction,bars_held,minutes_held,stop_price_at_entry,max_adverse_excursion_usd,point_value_usd,loss_cap_usd,exit_reason,pnl_pct,trade_profit_pct,pnl_usd,trade_profit_usd,cumulative_pnl_pct,cumulative_pnl_usd,result,updated_at_utc
1768576500|SHORT,1768576500,2026-01-16 10:15:00 ET,2026-01-16 10:15:00 ET,25676.0,,1768593300,2026-01-16 14:55:00 ET,2026-01-16 14:55:00 ET,25727.0,,SHORT,55,,,,,,,-0.2256470611117667,-0.2256470611117667,-112.82353055588334,-112.82353055588334,-0.2256470611117667,-112.82353055588334,LOSS,2026-03-30T02:15:13.250577+00:00
1768889700|SHORT,1768889700,2026-01-20 01:15:00 ET,2026-01-20 01:15:00 ET,25326.75,,1768906500,2026-01-20 05:55:00 ET,2026-01-20 05:55:00 ET,25176.25,,SHORT,55,,,,,,,0.5703521292554026,0.5703521292554026,285.1760646277013,285.1760646277013,0.3447050681436359,172.35253407181796,WIN,2026-03-30T02:15:13.250631+00:00
1768890000|SHORT,1768890000,2026-01-20 01:20:00 ET,2026-01-20 01:20:00 ET,25322.5,,1768906800,2026-01-20 06:00:00 ET,2026-01-20 06:00:00 ET,25176.0,,SHORT,55,,,,,,,0.5544924480671121,0.5544924480671121,277.246224033556,277.246224033556,0.899197516210748,449.598758105374,WIN,2026-03-30T00:11:59.286142+00:00
1768893300|SHORT,1768893300,2026-01-20 02:15:00 ET,2026-01-20 02:15:00 ET,25272.5,2026-01-20,1768893900,2026-01-20 02:25:00 ET,2026-01-20 02:25:00 ET,25297.5,2026-01-20,SHORT,2,10.0,25297.5,-575.0,20.0,500.0,loss_cap,-1.0,-1.0,-500.0,-500.0,-0.10080248378925205,-50.401241894626025,LOSS,2026-03-31T02:24:43.746121+00:00
1768893900|SHORT,1768893900,2026-01-20 02:25:00 ET,2026-01-20 02:25:00 ET,25296.25,2026-01-20,1768895700,2026-01-20 02:55:00 ET,2026-01-20 02:55:00 ET,25284.0,2026-01-20,SHORT,6,30.0,25321.25,-100.0,20.0,500.0,signal_flat,0.49,0.49,245.0,245.0,0.38919751621074794,194.59875810537397,WIN,2026-03-31T02:24:43.746194+00:00
1768894800|SHORT,1768894800,2026-01-20 02:40:00 ET,2026-01-20 02:40:00 ET,25272.75,2026-01-20,1768897800,2026-01-20 03:30:00 ET,2026-01-20 03:30:00 ET,25208.5,2026-01-20,SHORT,10,50.0,25297.75,-440.0,20.0,500.0,signal_flat,2.5700000000000003,2.5700000000000003,1285.0,1285.0,2.9591975162107484,1479.598758105374,WIN,2026-04-01T02:06:31.646904+00:00
1768902600|SHORT,1768902600,2026-01-20 04:50:00 ET,2026-01-20 04:50:00 ET,25122.0,2026-01-20,1768903800,2026-01-20 05:10:00 ET,2026-01-20 05:10:00 ET,25147.0,2026-01-20,SHORT,4,20.0,25147.0,-925.0,20.0,500.0,loss_cap,-1.0,-1.0,-500.0,-500.0,1.9591975162107484,979.5987581053739,LOSS,2026-04-01T02:06:31.646986+00:00
1768903800|SHORT,1768903800,2026-01-20 05:10:00 ET,2026-01-20 05:10:00 ET,25163.75,2026-01-20,1768904400,2026-01-20 05:20:00 ET,2026-01-20 05:20:00 ET,25188.75,2026-01-20,SHORT,2,10.0,25188.75,-555.0,20.0,500.0,loss_cap,-1.0,-1.0,-500.0,-500.0,0.9591975162107484,479.5987581053739,LOSS,2026-04-01T02:06:31.647058+00:00
1768904400|SHORT,1768904400,2026-01-20 05:20:00 ET,2026-01-20 05:20:00 ET,25185.25,2026-01-20,1768904700,2026-01-20 05:25:00 ET,2026-01-20 05:25:00 ET,25196.5,2026-01-20,SHORT,1,5.0,25210.25,-445.0,20.0,500.0,signal_flat,-0.44999999999999996,-0.44999999999999996,-225.0,-225.0,0.5091975162107485,254.59875810537392,LOSS,2026-04-01T02:06:31.647098+00:00
1768913400|LONG,1768913400,2026-01-20 07:50:00 ET,2026-01-20 07:50:00 ET,25272.5,,1768930200,2026-01-20 12:30:00 ET,2026-01-20 12:30:00 ET,25339.25,,LONG,55,,,,,,,0.2390394188874545,0.2390394188874545,119.51970944372725,119.51970944372725,0.748236935098203,374.1184675491012,WIN,2026-03-30T02:15:13.250676+00:00
1768996200|SHORT,1768996200,2026-01-21 06:50:00 ET,2026-01-21 06:50:00 ET,25071.75,2026-01-21,1768998300,2026-01-21 07:25:00 ET,2026-01-21 07:25:00 ET,25071.25,2026-01-21,SHORT,7,35.0,25096.75,-350.0,20.0,500.0,signal_flat,0.02,0.02,10.0,10.0,0.768236935098203,384.1184675491012,WIN,2026-04-02T03:25:34.172499+00:00
1769004600|LONG,1769004600,2026-01-21 09:10:00 ET,2026-01-21 09:10:00 ET,25198.0,,1769021400,2026-01-21 13:50:00 ET,2026-01-21 13:50:00 ET,25270.75,,LONG,55,,,,,,,0.26366134430995114,0.26366134430995114,131.83067215497556,131.83067215497556,1.0318982794081542,515.9491397040767,WIN,2026-03-30T02:15:13.250834+00:00
1769036700|LONG,1769036700,2026-01-21 18:05:00 ET,2026-01-21 18:05:00 ET,25562.5,,1769053500,2026-01-21 22:45:00 ET,2026-01-21 22:45:00 ET,25579.0,,LONG,55,,,,,,,0.039514647637628464,0.039514647637628464,19.757323818814232,19.757323818814232,1.0714129270457826,535.706463522891,WIN,2026-03-30T02:15:13.250898+00:00
1769069100|LONG,1769069100,2026-01-22 03:05:00 ET,2026-01-22 03:05:00 ET,25615.75,,1769085900,2026-01-22 07:45:00 ET,2026-01-22 07:45:00 ET,25684.25,,LONG,55,,,,,,,0.2423501740921541,0.2423501740921541,121.17508704607704,121.17508704607704,1.3137631011379367,656.881550568968,WIN,2026-03-30T02:15:13.250946+00:00
1769100300|LONG,1769100300,2026-01-22 11:45:00 ET,2026-01-22 11:45:00 ET,25687.25,,1769117100,2026-01-22 16:25:00 ET,2026-01-22 16:25:00 ET,25659.5,,LONG,55,,,,,,,-0.1329993527365625,-0.1329993527365625,-66.49967636828124,-66.49967636828124,1.1807637484013742,590.3818742006868,LOSS,2026-03-30T02:15:13.250993+00:00
1769157000|SHORT,1769157000,2026-01-23 03:30:00 ET,2026-01-23 03:30:00 ET,25607.5,2026-01-23,1769159100,2026-01-23 04:05:00 ET,2026-01-23 04:05:00 ET,25623.0,2026-01-23,SHORT,7,35.0,25632.5,-495.0,20.0,500.0,signal_flat,-0.62,-0.62,-310.0,-310.0,0.5607637484013742,280.38187420068675,LOSS,2026-04-06T03:20:00.423056+00:00
1769160900|SHORT,1769160900,2026-01-23 04:35:00 ET,2026-01-23 04:35:00 ET,25576.5,,1769177700,2026-01-23 09:15:00 ET,2026-01-23 09:15:00 ET,25570.0,,SHORT,55,,,,,,,-0.0009078576900578561,-0.0009078576900578561,-0.45392884502892805,-0.45392884502892805,0.5598558907113164,279.9279453556578,LOSS,2026-03-30T02:15:13.251061+00:00
1769161200|SHORT,1769161200,2026-01-23 04:40:00 ET,2026-01-23 04:40:00 ET,25551.75,2026-01-23,1769163600,2026-01-23 05:20:00 ET,2026-01-23 05:20:00 ET,25571.0,2026-01-23,SHORT,8,40.0,25576.75,-460.0,20.0,500.0,signal_flat,-0.77,-0.77,-385.0,-385.0,-0.21014410928868366,-105.07205464434219,LOSS,2026-04-06T03:20:00.423148+00:00
1769180700|LONG,1769180700,2026-01-23 10:05:00 ET,2026-01-23 10:05:00 ET,25706.0,,1769190300,2026-01-23 12:45:00 ET,2026-01-23 12:45:00 ET,25730.0,,LONG,31,,,,,,,0.06832278568398298,0.06832278568398298,34.161392841991486,34.161392841991486,-0.14182132360470068,-70.9106618023507,WIN,2026-03-30T02:15:13.251089+00:00
1769389200|LONG,1769389200,2026-01-25 20:00:00 ET,2026-01-25 20:00:00 ET,25635.75,,1769406000,2026-01-26 00:40:00 ET,2026-01-26 00:40:00 ET,25665.75,,LONG,55,,,,,,,0.09197112297660848,0.09197112297660848,45.98556148830424,45.98556148830424,-0.0498502006280922,-24.92510031404646,WIN,2026-03-30T02:15:13.251166+00:00
1769438400|LONG,1769438400,2026-01-26 09:40:00 ET,2026-01-26 09:40:00 ET,25816.25,,1769455200,2026-01-26 14:20:00 ET,2026-01-26 14:20:00 ET,25906.5,,LONG,55,,,,,,,0.324488412343249,0.324488412343249,162.24420617162448,162.24420617162448,0.2746382117151568,137.31910585757802,WIN,2026-03-30T02:15:13.251227+00:00
1769530200|LONG,1769530200,2026-01-27 11:10:00 ET,2026-01-27 11:10:00 ET,26098.0,,1769547000,2026-01-27 15:50:00 ET,2026-01-27 15:50:00 ET,26098.25,,LONG,55,,,,,,,-0.02403848051060198,-0.02403848051060198,-12.01924025530099,-12.01924025530099,0.2505997312045548,125.29986560227704,LOSS,2026-03-30T02:15:13.251319+00:00
1769617800|SHORT,1769617800,2026-01-28 11:30:00 ET,2026-01-28 11:30:00 ET,26150.75,,1769634600,2026-01-28 16:10:00 ET,2026-01-28 16:10:00 ET,26150.0,,SHORT,55,,,,,,,-0.027469349116437947,-0.027469349116437947,-13.734674558218973,-13.734674558218973,0.22313038208811686,111.56519104405807,LOSS,2026-03-30T02:15:13.251409+00:00
1769697300|SHORT,1769697300,2026-01-29 09:35:00 ET,2026-01-29 09:35:00 ET,26028.5,2026-01-29,1769699400,2026-01-29 10:10:00 ET,2026-01-29 10:10:00 ET,25721.5,2026-01-29,SHORT,7,35.0,26053.5,-185.0,20.0,500.0,signal_flat,12.280000000000001,12.280000000000001,6140.0,6140.0,12.503130382088118,6251.565191044058,WIN,2026-04-12T03:45:33.684899+00:00
1769736900|SHORT,1769736900,2026-01-29 20:35:00 ET,2026-01-29 20:35:00 ET,25841.25,,1769746500,2026-01-29 23:15:00 ET,2026-01-29 23:15:00 ET,25886.75,,SHORT,31,,,,,,,-0.20232026671712644,-0.20232026671712644,-101.16013335856321,-101.16013335856321,12.300810115370991,6150.405057685495,LOSS,2026-03-30T02:15:13.251555+00:00
1769740200|SHORT,1769740200,2026-01-29 21:30:00 ET,2026-01-29 21:30:00 ET,25764.75,2026-01-30,1769740500,2026-01-29 21:35:00 ET,2026-01-29 21:35:00 ET,25789.75,2026-01-30,SHORT,1,5.0,25789.75,-575.0,20.0,500.0,loss_cap,-1.0,-1.0,-500.0,-500.0,11.300810115370991,5650.405057685495,LOSS,2026-04-12T03:45:33.685135+00:00
1769740500|SHORT,1769740500,2026-01-29 21:35:00 ET,2026-01-29 21:35:00 ET,25779.0,2026-01-30,1769741400,2026-01-29 21:50:00 ET,2026-01-29 21:50:00 ET,25804.0,2026-01-30,SHORT,3,15.0,25804.0,-1000.0,20.0,500.0,loss_cap,-1.0,-1.0,-500.0,-500.0,10.300810115370991,5150.405057685495,LOSS,2026-04-12T03:45:33.685186+00:00
1769741400|SHORT,1769741400,2026-01-29 21:50:00 ET,2026-01-29 21:50:00 ET,25826.25,2026-01-30,1769742000,2026-01-29 22:00:00 ET,2026-01-29 22:00:00 ET,25851.25,2026-01-30,SHORT,2,10.0,25851.25,-875.0,20.0,500.0,loss_cap,-1.0,-1.0,-500.0,-500.0,9.300810115370991,4650.405057685495,LOSS,2026-04-12T03:45:33.685227+00:00
1769742000|SHORT,1769742000,2026-01-29 22:00:00 ET,2026-01-29 22:00:00 ET,25864.25,2026-01-30,1769742300,2026-01-29 22:05:00 ET,2026-01-29 22:05:00 ET,25884.0,2026-01-30,SHORT,1,5.0,25889.25,-475.0,20.0,500.0,signal_flat,-0.79,-0.79,-395.0,-395.0,8.51081011537099,4255.405057685495,LOSS,2026-04-12T03:45:33.685266+00:00
1769746200|LONG,1769746200,2026-01-29 23:10:00 ET,2026-01-29 23:10:00 ET,25886.75,,1769758800,2026-01-30 02:40:00 ET,2026-01-30 02:40:00 ET,25736.25,,LONG,40,,,,,,,-0.6062257210376343,-0.6062257210376343,-303.1128605188171,-303.1128605188171,7.904584394333356,3952.2921971666783,LOSS,2026-03-30T02:15:13.251584+00:00
1769749800|SHORT,1769749800,2026-01-30 00:10:00 ET,2026-01-30 00:10:00 ET,25864.75,2026-01-30,1769751900,2026-01-30 00:45:00 ET,2026-01-30 00:45:00 ET,25853.0,2026-01-30,SHORT,7,35.0,25889.75,-180.0,20.0,500.0,signal_flat,0.47000000000000003,0.47000000000000003,235.0,235.0,8.374584394333356,4187.292197166678,WIN,2026-04-13T03:52:11.252244+00:00
1769756100|SHORT,1769756100,2026-01-30 01:55:00 ET,2026-01-30 01:55:00 ET,25750.75,2026-01-30,1769756700,2026-01-30 02:05:00 ET,2026-01-30 02:05:00 ET,25775.75,2026-01-30,SHORT,2,10.0,25775.75,-895.0,20.0,500.0,loss_cap,-1.0,-1.0,-500.0,-500.0,7.374584394333356,3687.2921971666783,LOSS,2026-04-12T03:45:33.685383+00:00
1769756700|SHORT,1769756700,2026-01-30 02:05:00 ET,2026-01-30 02:05:00 ET,25795.0,2026-01-30,1769759700,2026-01-30 02:55:00 ET,2026-01-30 02:55:00 ET,25710.5,2026-01-30,SHORT,10,50.0,25820.0,-180.0,20.0,500.0,signal_flat,3.38,3.38,1690.0,1690.0,10.754584394333357,5377.292197166678,WIN,2026-04-12T03:45:33.685462+00:00
1769758500|SHORT,1769758500,2026-01-30 02:35:00 ET,2026-01-30 02:35:00 ET,25736.25,,1769772600,2026-01-30 06:30:00 ET,2026-01-30 06:30:00 ET,25817.75,,SHORT,46,,,,,,,-0.343355264471068,-0.343355264471068,-171.67763223553402,-171.67763223553402,10.411229129862289,5205.614564931144,LOSS,2026-03-30T02:15:13.251615+00:00
1769772300|LONG,1769772300,2026-01-30 06:25:00 ET,2026-01-30 06:25:00 ET,25817.75,,1769773800,2026-01-30 06:50:00 ET,2026-01-30 06:50:00 ET,25797.75,,LONG,4,,,,,,,-0.10242496635668452,-0.10242496635668452,-51.21248317834226,-51.21248317834226,10.308804163505604,5154.402081752802,LOSS,2026-03-30T02:15:13.251631+00:00
1769987700|SHORT,1769987700,2026-02-01 18:15:00 ET,2026-02-01 18:15:00 ET,25418.25,2026-02-02,1769988300,2026-02-01 18:25:00 ET,2026-02-01 18:25:00 ET,25443.25,2026-02-02,SHORT,2,10.0,25443.25,-535.0,20.0,500.0,loss_cap,-1.0,-1.0,-500.0,-500.0,9.308804163505604,4654.402081752802,LOSS,2026-04-14T03:40:56.087301+00:00
1769988300|SHORT,1769988300,2026-02-01 18:25:00 ET,2026-02-01 18:25:00 ET,25433.0,2026-02-02,1769988600,2026-02-01 18:30:00 ET,2026-02-01 18:30:00 ET,25458.0,2026-02-02,SHORT,1,5.0,25458.0,-1185.0,20.0,500.0,loss_cap,-1.0,-1.0,-500.0,-500.0,8.308804163505604,4154.402081752802,LOSS,2026-04-14T03:40:56.087346+00:00
1769988600|SHORT,1769988600,2026-02-01 18:30:00 ET,2026-02-01 18:30:00 ET,25490.5,2026-02-02,1769988900,2026-02-01 18:35:00 ET,2026-02-01 18:35:00 ET,25515.5,2026-02-02,SHORT,1,5.0,25515.5,-770.0,20.0,500.0,loss_cap,-1.0,-1.0,-500.0,-500.0,7.308804163505604,3654.4020817528017,LOSS,2026-04-14T03:40:56.087383+00:00
1769988900|SHORT,1769988900,2026-02-01 18:35:00 ET,2026-02-01 18:35:00 ET,25517.75,2026-02-02,1769989200,2026-02-01 18:40:00 ET,2026-02-01 18:40:00 ET,25542.75,2026-02-02,SHORT,1,5.0,25542.75,-830.0,20.0,500.0,loss_cap,-1.0,-1.0,-500.0,-500.0,6.308804163505604,3154.4020817528017,LOSS,2026-04-14T03:40:56.087417+00:00
1769989200|SHORT,1769989200,2026-02-01 18:40:00 ET,2026-02-01 18:40:00 ET,25548.25,2026-02-02,1769989800,2026-02-01 18:50:00 ET,2026-02-01 18:50:00 ET,25546.0,2026-02-02,SHORT,2,10.0,25573.25,-470.0,20.0,500.0,signal_flat,0.09,0.09,45.0,45.0,6.398804163505604,3199.4020817528017,WIN,2026-04-14T03:40:56.087474+00:00
1769993400|LONG,1769993400,2026-02-01 19:50:00 ET,2026-02-01 19:50:00 ET,25618.75,,1770002100,2026-02-01 22:15:00 ET,2026-02-01 22:15:00 ET,25340.0,,LONG,28,,,,,,,-1.1128110393876844,-1.1128110393876844,-556.4055196938422,-556.4055196938422,5.285993124117919,2642.9965620589596,LOSS,2026-03-30T02:15:13.251728+00:00
1770008100|SHORT,1770008100,2026-02-01 23:55:00 ET,2026-02-01 23:55:00 ET,25352.5,,1770018600,2026-02-02 02:50:00 ET,2026-02-02 02:50:00 ET,25304.5,,SHORT,34,,,,,,,0.16227620905489015,0.16227620905489015,81.13810452744508,81.13810452744508,5.448269333172809,2724.134666586405,WIN,2026-03-30T02:15:13.251761+00:00
1770009300|SHORT,1770009300,2026-02-02 00:15:00 ET,2026-02-02 00:15:00 ET,25298.25,2026-02-02,1770011400,2026-02-02 00:50:00 ET,2026-02-02 00:50:00 ET,25242.5,2026-02-02,SHORT,7,35.0,25323.25,-75.0,20.0,500.0,signal_flat,2.23,2.23,1115.0,1115.0,7.678269333172809,3839.134666586405,WIN,2026-04-14T17:01:02.252265+00:00
1770019800|LONG,1770019800,2026-02-02 03:10:00 ET,2026-02-02 03:10:00 ET,25372.25,,1770036600,2026-02-02 07:50:00 ET,2026-02-02 07:50:00 ET,25507.0,,LONG,55,,,,,,,0.5059753528425359,0.5059753528425359,252.98767642126796,252.98767642126796,8.184244686015344,4092.122343007673,WIN,2026-03-30T02:15:13.251801+00:00
1770050100|LONG,1770050100,2026-02-02 11:35:00 ET,2026-02-02 11:35:00 ET,25882.25,,1770066900,2026-02-02 16:15:00 ET,2026-02-02 16:15:00 ET,25876.0,,LONG,55,,,,,,,-0.04915555487551293,-0.04915555487551293,-24.577777437756467,-24.577777437756467,8.13508913113983,4067.5445655699164,LOSS,2026-03-30T02:15:13.251847+00:00
1770058500|LONG,1770058500,2026-02-02 13:55:00 ET,2026-02-02 13:55:00 ET,25941.75,2026-02-02,1770060600,2026-02-02 14:30:00 ET,2026-02-02 14:30:00 ET,25916.75,2026-02-02,LONG,7,35.0,25916.75,-705.0,20.0,500.0,loss_cap,-1.0,-1.0,-500.0,-500.0,7.13508913113983,3567.5445655699164,LOSS,2026-04-14T20:48:34.583934+00:00
1770078000|LONG,1770078000,2026-02-02 19:20:00 ET,2026-02-02 19:20:00 ET,25970.25,2026-02-03,1770079800,2026-02-02 19:50:00 ET,2026-02-02 19:50:00 ET,25945.25,2026-02-03,LONG,6,30.0,25945.25,-535.0,20.0,500.0,loss_cap,-1.0,-1.0,-500.0,-500.0,6.13508913113983,3067.5445655699164,LOSS,2026-04-14T20:48:34.584094+00:00
1770079800|LONG,1770079800,2026-02-02 19:50:00 ET,2026-02-02 19:50:00 ET,25955.5,2026-02-03,1770080100,2026-02-02 19:55:00 ET,2026-02-02 19:55:00 ET,25954.0,2026-02-03,LONG,1,5.0,25930.5,-175.0,20.0,500.0,signal_flat,-0.06,-0.06,-30.0,-30.0,6.075089131139831,3037.5445655699164,LOSS,2026-04-14T20:48:34.584139+00:00
1770129300|SHORT,1770129300,2026-02-03 09:35:00 ET,2026-02-03 09:35:00 ET,25820.5,2026-02-03,1770131400,2026-02-03 10:10:00 ET,2026-02-03 10:10:00 ET,25553.5,2026-02-03,SHORT,7,35.0,25845.5,-385.0,20.0,500.0,signal_flat,10.68,10.68,5340.0,5340.0,16.75508913113983,8377.544565569917,WIN,2026-04-14T18:17:42.536778+00:00
1770196500|SHORT,1770196500,2026-02-04 04:15:00 ET,2026-02-04 04:15:00 ET,25383.0,,1770213300,2026-02-04 08:55:00 ET,2026-02-04 08:55:00 ET,25359.0,,SHORT,55,,,,,,,0.06821990328294003,0.06821990328294003,34.10995164147002,34.10995164147002,16.82330903442277,8411.654517211387,WIN,2026-03-30T02:15:13.252027+00:00
1770196800|SHORT,1770196800,2026-02-04 04:20:00 ET,2026-02-04 04:20:00 ET,25366.0,2026-02-04,1770197400,2026-02-04 04:30:00 ET,2026-02-04 04:30:00 ET,25391.0,2026-02-04,SHORT,2,10.0,25391.0,-635.0,20.0,500.0,loss_cap,-1.0,-1.0,-500.0,-500.0,15.82330903442277,7911.654517211387,LOSS,2026-04-14T18:17:42.537130+00:00
1770197400|SHORT,1770197400,2026-02-04 04:30:00 ET,2026-02-04 04:30:00 ET,25386.0,2026-02-04,1770198900,2026-02-04 04:55:00 ET,2026-02-04 04:55:00 ET,25402.25,2026-02-04,SHORT,5,25.0,25411.0,-425.0,20.0,500.0,signal_flat,-0.65,-0.65,-325.0,-325.0,15.17330903442277,7586.654517211387,LOSS,2026-04-14T18:17:42.537192+00:00
1770213300|SHORT,1770213300,2026-02-04 08:55:00 ET,2026-02-04 08:55:00 ET,25356.25,2026-02-04,1770215100,2026-02-04 09:25:00 ET,2026-02-04 09:25:00 ET,25381.25,2026-02-04,SHORT,6,30.0,25381.25,-645.0,20.0,500.0,loss_cap,-1.0,-1.0,-500.0,-500.0,14.17330903442277,7086.654517211387,LOSS,2026-04-14T18:17:42.537329+00:00
1770215100|SHORT,1770215100,2026-02-04 09:25:00 ET,2026-02-04 09:25:00 ET,25385.5,2026-02-04,1770215400,2026-02-04 09:30:00 ET,2026-02-04 09:30:00 ET,25286.25,2026-02-04,SHORT,1,5.0,25410.5,-25.0,20.0,500.0,signal_flat,3.9699999999999998,3.9699999999999998,1985.0,1985.0,18.14330903442277,9071.654517211387,WIN,2026-04-14T18:17:42.537365+00:00
1770259500|SHORT,1770259500,2026-02-04 21:45:00 ET,2026-02-04 21:45:00 ET,25035.75,,1770276600,2026-02-05 02:30:00 ET,2026-02-05 02:30:00 ET,25081.0,,SHORT,55,,,,,,,-0.2080807652191652,-0.2080807652191652,-104.0403826095826,-104.0403826095826,17.935228269203606,8967.614134601805,LOSS,2026-03-30T02:15:13.252119+00:00
1770273600|LONG,1770273600,2026-02-05 01:40:00 ET,2026-02-05 01:40:00 ET,25050.75,2026-02-05,1770275700,2026-02-05 02:15:00 ET,2026-02-05 02:15:00 ET,25065.0,2026-02-05,LONG,7,35.0,25025.75,0.0,20.0,500.0,signal_flat,0.5700000000000001,0.5700000000000001,285.0,285.0,18.505228269203606,9252.614134601805,WIN,2026-04-14T20:48:34.585238+00:00
1770279300|LONG,1770279300,2026-02-05 03:15:00 ET,2026-02-05 03:15:00 ET,25116.5,2026-02-05,1770279900,2026-02-05 03:25:00 ET,2026-02-05 03:25:00 ET,25091.5,2026-02-05,LONG,2,10.0,25091.5,-770.0,20.0,500.0,loss_cap,-1.0,-1.0,-500.0,-500.0,17.505228269203606,8752.614134601805,LOSS,2026-04-14T20:48:34.585300+00:00
1770279900|LONG,1770279900,2026-02-05 03:25:00 ET,2026-02-05 03:25:00 ET,25092.25,2026-02-05,1770281100,2026-02-05 03:45:00 ET,2026-02-05 03:45:00 ET,25067.25,2026-02-05,LONG,4,20.0,25067.25,-565.0,20.0,500.0,loss_cap,-1.0,-1.0,-500.0,-500.0,16.505228269203606,8252.614134601805,LOSS,2026-04-14T20:48:34.585347+00:00
1770281100|LONG,1770281100,2026-02-05 03:45:00 ET,2026-02-05 03:45:00 ET,25066.75,2026-02-05,1770281400,2026-02-05 03:50:00 ET,2026-02-05 03:50:00 ET,25041.75,2026-02-05,LONG,1,5.0,25041.75,-1040.0,20.0,500.0,loss_cap,-1.0,-1.0,-500.0,-500.0,15.505228269203606,7752.614134601805,LOSS,2026-04-14T20:48:34.585378+00:00
1770342900|LONG,1770342900,2026-02-05 20:55:00 ET,2026-02-05 20:55:00 ET,24531.25,,1770360000,2026-02-06 01:40:00 ET,2026-02-06 01:40:00 ET,24556.5,,LONG,55,,,,,,,0.07793909549240752,0.07793909549240752,38.96954774620376,38.96954774620376,15.583167364696013,7791.583682348009,WIN,2026-03-30T02:15:13.252228+00:00
1770343200|LONG,1770343200,2026-02-05 21:00:00 ET,2026-02-05 21:00:00 ET,24565.5,,1770360300,2026-02-06 01:45:00 ET,2026-02-06 01:45:00 ET,24557.5,,LONG,55,,,,,,,-0.05756803323205828,-0.05756803323205828,-28.78401661602914,-28.78401661602914,15.525599331463955,7762.799665731979,LOSS,2026-03-30T00:11:59.287590+00:00
1770353400|SHORT,1770353400,2026-02-05 23:50:00 ET,2026-02-05 23:50:00 ET,24441.25,2026-02-06,1770354600,2026-02-06 00:10:00 ET,2026-02-06 00:10:00 ET,24466.25,2026-02-06,SHORT,3,20.0,24466.25,-530.0,20.0,500.0,loss_cap,-1.0,-1.0,-500.0,-500.0,14.525599331463955,7262.799665731979,LOSS,2026-04-14T18:17:42.538058+00:00
1770354600|SHORT,1770354600,2026-02-06 00:10:00 ET,2026-02-06 00:10:00 ET,24465.0,2026-02-06,1770355500,2026-02-06 00:25:00 ET,2026-02-06 00:25:00 ET,24490.0,2026-02-06,SHORT,3,15.0,24490.0,-530.0,20.0,500.0,loss_cap,-1.0,-1.0,-500.0,-500.0,13.525599331463955,6762.799665731979,LOSS,2026-04-14T18:17:42.538098+00:00
1770355500|SHORT,1770355500,2026-02-06 00:25:00 ET,2026-02-06 00:25:00 ET,24490.0,2026-02-06,1770355800,2026-02-06 00:30:00 ET,2026-02-06 00:30:00 ET,24515.0,2026-02-06,SHORT,1,5.0,24515.0,-795.0,20.0,500.0,loss_cap,-1.0,-1.0,-500.0,-500.0,12.525599331463955,6262.799665731979,LOSS,2026-04-14T18:17:42.538133+00:00
1770360600|LONG,1770360600,2026-02-06 01:50:00 ET,2026-02-06 01:50:00 ET,24555.25,,1770377100,2026-02-06 06:25:00 ET,2026-02-06 06:25:00 ET,24820.25,,LONG,54,,,,,,,1.0539214289651433,1.0539214289651433,526.9607144825717,526.9607144825717,13.579520760429098,6789.76038021455,WIN,2026-03-30T02:15:13.252263+00:00
1770360900|LONG,1770360900,2026-02-06 01:55:00 ET,2026-02-06 01:55:00 ET,24547.75,,1770377100,2026-02-06 06:25:00 ET,2026-02-06 06:25:00 ET,24820.25,,LONG,53,,,,,,,1.084774986351067,1.084774986351067,542.3874931755335,542.3874931755335,14.664295746780166,7332.147873390084,WIN,2026-03-30T00:11:59.287625+00:00
1770377700|LONG,1770377700,2026-02-06 06:35:00 ET,2026-02-06 06:35:00 ET,24843.25,,1770393900,2026-02-06 11:05:00 ET,2026-02-06 11:05:00 ET,24958.5,,LONG,53,,,,,,,0.4387947522128899,0.4387947522128899,219.39737610644494,219.39737610644494,15.103090498993055,7551.545249496529,WIN,2026-03-30T02:15:13.252299+00:00
1770411000|LONG,1770411000,2026-02-06 15:50:00 ET,2026-02-06 15:50:00 ET,25203.0,2026-02-06,1770411300,2026-02-06 15:55:00 ET,2026-02-06 15:55:00 ET,25178.0,2026-02-06,LONG,1,5.0,25178.0,-1220.0,20.0,500.0,loss_cap,-1.0,-1.0,-500.0,-500.0,14.103090498993055,7051.545249496529,LOSS,2026-04-14T20:48:34.586071+00:00
1770411300|LONG,1770411300,2026-02-06 15:55:00 ET,2026-02-06 15:55:00 ET,25147.5,2026-02-06,1770412500,2026-02-06 16:15:00 ET,2026-02-06 16:15:00 ET,25122.5,2026-02-06,LONG,4,20.0,25122.5,-595.0,20.0,500.0,loss_cap,-1.0,-1.0,-500.0,-500.0,13.103090498993055,6551.545249496529,LOSS,2026-04-14T20:48:34.586120+00:00
1770412500|LONG,1770412500,2026-02-06 16:15:00 ET,2026-02-06 16:15:00 ET,25128.5,2026-02-06,1770413700,2026-02-06 16:35:00 ET,2026-02-06 16:35:00 ET,25104.5,2026-02-06,LONG,2,20.0,25103.5,-480.0,20.0,500.0,signal_flat,-0.96,-0.96,-480.0,-480.0,12.143090498993054,6071.545249496529,LOSS,2026-04-14T20:48:34.586162+00:00
1770631200|SHORT,1770631200,2026-02-09 05:00:00 ET,2026-02-09 05:00:00 ET,25060.75,,1770648000,2026-02-09 09:40:00 ET,2026-02-09 09:40:00 ET,25125.75,,SHORT,55,,,,,,,-0.2866181332729756,-0.2866181332729756,-143.30906663648778,-143.30906663648778,11.856472365720078,5928.2361828600415,LOSS,2026-03-30T02:15:13.252406+00:00
1770632400|SHORT,1770632400,2026-02-09 05:20:00 ET,2026-02-09 05:20:00 ET,25040.25,2026-02-09,1770636300,2026-02-09 06:25:00 ET,2026-02-09 06:25:00 ET,25065.25,2026-02-09,SHORT,13,65.0,25065.25,-610.0,20.0,500.0,loss_cap,-1.0,-1.0,-500.0,-500.0,10.856472365720078,5428.2361828600415,LOSS,2026-04-14T18:17:42.538718+00:00
1770641700|LONG,1770641700,2026-02-09 07:55:00 ET,2026-02-09 07:55:00 ET,25101.0,2026-02-09,1770643800,2026-02-09 08:30:00 ET,2026-02-09 08:30:00 ET,25098.5,2026-02-09,LONG,7,35.0,25076.0,-90.0,20.0,500.0,signal_flat,-0.1,-0.1,-50.0,-50.0,10.756472365720079,5378.2361828600415,LOSS,2026-04-14T20:48:34.586516+00:00
1770654600|LONG,1770654600,2026-02-09 11:30:00 ET,2026-02-09 11:30:00 ET,25352.5,,1770671400,2026-02-09 16:10:00 ET,2026-02-09 16:10:00 ET,25361.25,,LONG,55,,,,,,,0.009503993411863476,0.009503993411863476,4.751996705931738,4.751996705931738,10.765976359131942,5382.988179565973,WIN,2026-03-30T02:15:13.252446+00:00
1770654900|LONG,1770654900,2026-02-09 11:35:00 ET,2026-02-09 11:35:00 ET,25351.75,,1770671700,2026-02-09 16:15:00 ET,2026-02-09 16:15:00 ET,25371.75,,LONG,55,,,,,,,0.05388287164025396,0.05388287164025396,26.94143582012698,26.94143582012698,10.819859230772195,5409.9296153861,WIN,2026-03-30T00:11:59.287807+00:00
1770734700|SHORT,1770734700,2026-02-10 09:45:00 ET,2026-02-10 09:45:00 ET,25278.25,2026-02-10,1770735000,2026-02-10 09:50:00 ET,2026-02-10 09:50:00 ET,25303.25,2026-02-10,SHORT,1,5.0,25303.25,-1805.0,20.0,500.0,loss_cap,-1.0,-1.0,-500.0,-500.0,9.819859230772195,4909.9296153861,LOSS,2026-04-14T18:17:42.539208+00:00
1770735000|SHORT,1770735000,2026-02-10 09:50:00 ET,2026-02-10 09:50:00 ET,25367.5,2026-02-10,1770735300,2026-02-10 09:55:00 ET,2026-02-10 09:55:00 ET,25392.5,2026-02-10,SHORT,1,5.0,25392.5,-800.0,20.0,500.0,loss_cap,-1.0,-1.0,-500.0,-500.0,8.819859230772195,4409.9296153861,LOSS,2026-04-14T18:17:42.539237+00:00
1770735300|SHORT,1770735300,2026-02-10 09:55:00 ET,2026-02-10 09:55:00 ET,25392.5,2026-02-10,1770735900,2026-02-10 10:05:00 ET,2026-02-10 10:05:00 ET,25417.5,2026-02-10,SHORT,2,10.0,25417.5,-1070.0,20.0,500.0,loss_cap,-1.0,-1.0,-500.0,-500.0,7.819859230772195,3909.9296153860996,LOSS,2026-04-14T18:17:42.539272+00:00
1770735900|SHORT,1770735900,2026-02-10 10:05:00 ET,2026-02-10 10:05:00 ET,25435.25,2026-02-10,1770736800,2026-02-10 10:20:00 ET,2026-02-10 10:20:00 ET,25375.75,2026-02-10,SHORT,3,15.0,25460.25,-240.0,20.0,500.0,signal_flat,2.3800000000000003,2.3800000000000003,1190.0,1190.0,10.199859230772196,5099.9296153861,WIN,2026-04-14T18:17:42.539316+00:00
1770754200|SHORT,1770754200,2026-02-10 15:10:00 ET,2026-02-10 15:10:00 ET,25251.25,2026-02-10,1770756300,2026-02-10 15:45:00 ET,2026-02-10 15:45:00 ET,25263.75,2026-02-10,SHORT,7,35.0,25276.25,-480.0,20.0,500.0,signal_flat,-0.5,-0.5,-250.0,-250.0,9.699859230772196,4849.9296153861,LOSS,2026-04-14T18:17:42.539459+00:00
1770804300|SHORT,1770804300,2026-02-11 05:05:00 ET,2026-02-11 05:05:00 ET,25155.0,2026-02-11,1770805200,2026-02-11 05:20:00 ET,2026-02-11 05:20:00 ET,25180.0,2026-02-11,SHORT,3,15.0,25180.0,-710.0,20.0,500.0,loss_cap,-1.0,-1.0,-500.0,-500.0,8.699859230772196,4349.9296153861,LOSS,2026-04-14T18:17:42.539720+00:00
1770805200|SHORT,1770805200,2026-02-11 05:20:00 ET,2026-02-11 05:20:00 ET,25187.25,2026-02-11,1770806400,2026-02-11 05:40:00 ET,2026-02-11 05:40:00 ET,25188.25,2026-02-11,SHORT,4,20.0,25212.25,-215.0,20.0,500.0,signal_flat,-0.04,-0.04,-20.0,-20.0,8.659859230772197,4329.9296153861,LOSS,2026-04-14T18:17:42.539766+00:00
1770907500|SHORT,1770907500,2026-02-12 09:45:00 ET,2026-02-12 09:45:00 ET,25251.25,2026-02-12,1770907800,2026-02-12 09:50:00 ET,2026-02-12 09:50:00 ET,25276.25,2026-02-12,SHORT,1,5.0,25276.25,-815.0,20.0,500.0,loss_cap,-1.0,-1.0,-500.0,-500.0,7.659859230772197,3829.9296153860996,LOSS,2026-04-13T21:43:00.307949+00:00
1770907800|SHORT,1770907800,2026-02-12 09:50:00 ET,2026-02-12 09:50:00 ET,25273.25,2026-02-12,1770909600,2026-02-12 10:20:00 ET,2026-02-12 10:20:00 ET,25226.0,2026-02-12,SHORT,6,30.0,25298.25,-25.0,20.0,500.0,signal_flat,1.8900000000000001,1.8900000000000001,945.0,945.0,9.549859230772197,4774.9296153861,WIN,2026-04-13T21:43:00.308006+00:00
1770964500|SHORT,1770964500,2026-02-13 01:35:00 ET,2026-02-13 01:35:00 ET,24657.0,2026-02-13,1770965100,2026-02-13 01:45:00 ET,2026-02-13 01:45:00 ET,24682.0,2026-02-13,SHORT,2,10.0,24682.0,-560.0,20.0,500.0,loss_cap,-1.0,-1.0,-500.0,-500.0,8.549859230772197,4274.9296153861,LOSS,2026-04-14T18:17:42.540527+00:00
1770965100|SHORT,1770965100,2026-02-13 01:45:00 ET,2026-02-13 01:45:00 ET,24683.75,2026-02-13,1770965400,2026-02-13 01:50:00 ET,2026-02-13 01:50:00 ET,24708.75,2026-02-13,SHORT,1,5.0,24708.75,-515.0,20.0,500.0,loss_cap,-1.0,-1.0,-500.0,-500.0,7.5498592307721974,3774.9296153860996,LOSS,2026-04-14T18:17:42.540554+00:00
1770965400|SHORT,1770965400,2026-02-13 01:50:00 ET,2026-02-13 01:50:00 ET,24708.25,2026-02-13,1770966000,2026-02-13 02:00:00 ET,2026-02-13 02:00:00 ET,24733.25,2026-02-13,SHORT,2,10.0,24733.25,-720.0,20.0,500.0,loss_cap,-1.0,-1.0,-500.0,-500.0,6.5498592307721974,3274.9296153860996,LOSS,2026-04-14T18:17:42.540585+00:00
1770966000|SHORT,1770966000,2026-02-13 02:00:00 ET,2026-02-13 02:00:00 ET,24719.5,2026-02-13,1770966600,2026-02-13 02:10:00 ET,2026-02-13 02:10:00 ET,24744.5,2026-02-13,SHORT,2,10.0,24744.5,-505.0,20.0,500.0,loss_cap,-1.0,-1.0,-500.0,-500.0,5.5498592307721974,2774.9296153860996,LOSS,2026-04-14T18:17:42.540616+00:00
1770982200|SHORT,1770982200,2026-02-13 06:30:00 ET,2026-02-13 06:30:00 ET,24678.0,,1770996600,2026-02-13 10:30:00 ET,2026-02-13 10:30:00 ET,24848.5,,SHORT,47,,,,,,,-0.7186839377048448,-0.7186839377048448,-359.34196885242244,-359.34196885242244,4.831175293067353,2415.5876465336773,LOSS,2026-03-30T02:15:13.252825+00:00
1770982800|SHORT,1770982800,2026-02-13 06:40:00 ET,2026-02-13 06:40:00 ET,24673.75,2026-02-13,1770983400,2026-02-13 06:50:00 ET,2026-02-13 06:50:00 ET,24698.75,2026-02-13,SHORT,2,10.0,24698.75,-755.0,20.0,500.0,loss_cap,-1.0,-1.0,-500.0,-500.0,3.8311752930673526,1915.5876465336773,LOSS,2026-04-13T03:52:11.257489+00:00
1770983100|SHORT,1770983100,2026-02-13 06:45:00 ET,2026-02-13 06:45:00 ET,24680.75,2026-02-13,1770983400,2026-02-13 06:50:00 ET,2026-02-13 06:50:00 ET,24705.75,2026-02-13,SHORT,1,5.0,24705.75,-615.0,20.0,500.0,loss_cap,-1.0,-1.0,-500.0,-500.0,2.8311752930673526,1415.5876465336773,LOSS,2026-04-14T18:17:42.540723+00:00
1770983400|SHORT,1770983400,2026-02-13 06:50:00 ET,2026-02-13 06:50:00 ET,24711.75,2026-02-13,1770984000,2026-02-13 07:00:00 ET,2026-02-13 07:00:00 ET,24736.75,2026-02-13,SHORT,2,10.0,24736.75,-680.0,20.0,500.0,loss_cap,-1.0,-1.0,-500.0,-500.0,1.8311752930673526,915.5876465336773,LOSS,2026-04-14T18:17:42.540753+00:00
1770984000|SHORT,1770984000,2026-02-13 07:00:00 ET,2026-02-13 07:00:00 ET,24708.0,2026-02-13,1770985200,2026-02-13 07:20:00 ET,2026-02-13 07:20:00 ET,24708.25,2026-02-13,SHORT,4,20.0,24733.0,-225.0,20.0,500.0,signal_flat,-0.01,-0.01,-5.0,-5.0,1.8211752930673526,910.5876465336773,LOSS,2026-04-14T18:17:42.540796+00:00
1770984300|SHORT,1770984300,2026-02-13 07:05:00 ET,2026-02-13 07:05:00 ET,24688.5,2026-02-13,1770985200,2026-02-13 07:20:00 ET,2026-02-13 07:20:00 ET,24713.5,2026-02-13,SHORT,3,15.0,24713.5,-615.0,20.0,500.0,loss_cap,-1.0,-1.0,-500.0,-500.0,0.8211752930673526,410.58764653367734,LOSS,2026-04-05T02:30:05.505599+00:00
1770985200|SHORT,1770985200,2026-02-13 07:20:00 ET,2026-02-13 07:20:00 ET,24708.25,2026-02-13,1770986400,2026-02-13 07:40:00 ET,2026-02-13 07:40:00 ET,24723.0,2026-02-13,SHORT,4,20.0,24733.25,-445.0,20.0,500.0,signal_flat,-0.59,-0.59,-295.0,-295.0,0.23117529306735263,115.58764653367734,LOSS,2026-04-05T02:30:05.505646+00:00
1771315800|LONG,1771315800,2026-02-17 03:10:00 ET,2026-02-17 03:10:00 ET,24705.0,2026-02-17,1771316400,2026-02-17 03:20:00 ET,2026-02-17 03:20:00 ET,24680.0,2026-02-17,LONG,2,10.0,24680.0,-570.0,20.0,500.0,loss_cap,-1.0,-1.0,-500.0,-500.0,-0.7688247069326474,-384.41235346632266,LOSS,2026-04-14T20:48:34.588625+00:00
1771316400|LONG,1771316400,2026-02-17 03:20:00 ET,2026-02-17 03:20:00 ET,24684.5,2026-02-17,1771317300,2026-02-17 03:35:00 ET,2026-02-17 03:35:00 ET,24659.5,2026-02-17,LONG,3,15.0,24659.5,-675.0,20.0,500.0,loss_cap,-1.0,-1.0,-500.0,-500.0,-1.7688247069326475,-884.4123534663227,LOSS,2026-04-14T20:48:34.588666+00:00
1771317300|LONG,1771317300,2026-02-17 03:35:00 ET,2026-02-17 03:35:00 ET,24651.0,2026-02-17,1771317900,2026-02-17 03:45:00 ET,2026-02-17 03:45:00 ET,24650.5,2026-02-17,LONG,2,10.0,24626.0,-295.0,20.0,500.0,signal_flat,-0.02,-0.02,-10.0,-10.0,-1.7888247069326475,-894.4123534663227,LOSS,2026-04-14T20:48:34.588706+00:00
1771369200|SHORT,1771369200,2026-02-17 18:00:00 ET,2026-02-17 18:00:00 ET,24756.25,2026-02-18,1771371000,2026-02-17 18:30:00 ET,2026-02-17 18:30:00 ET,24725.0,2026-02-18,SHORT,6,30.0,24781.25,-250.0,20.0,500.0,signal_flat,1.25,1.25,625.0,625.0,-0.5388247069326475,-269.41235346632266,WIN,2026-04-14T18:17:42.541413+00:00
1771407000|LONG,1771407000,2026-02-18 04:30:00 ET,2026-02-18 04:30:00 ET,24931.75,2026-02-18,1771408500,2026-02-18 04:55:00 ET,2026-02-18 04:55:00 ET,24906.75,2026-02-18,LONG,5,25.0,24906.75,-525.0,20.0,500.0,loss_cap,-1.0,-1.0,-500.0,-500.0,-1.5388247069326475,-769.4123534663227,LOSS,2026-04-14T20:48:34.589216+00:00
1771408500|LONG,1771408500,2026-02-18 04:55:00 ET,2026-02-18 04:55:00 ET,24910.0,2026-02-18,1771409100,2026-02-18 05:05:00 ET,2026-02-18 05:05:00 ET,24929.25,2026-02-18,LONG,2,10.0,24885.0,-40.0,20.0,500.0,signal_flat,0.77,0.77,385.0,385.0,-0.7688247069326475,-384.41235346632266,WIN,2026-04-14T20:48:34.589257+00:00
1771422600|SHORT,1771422600,2026-02-18 08:50:00 ET,2026-02-18 08:50:00 ET,24824.5,,1771427700,2026-02-18 10:15:00 ET,2026-02-18 10:15:00 ET,25042.0,,SHORT,16,,,,,,,-0.8972517748742637,-0.8972517748742637,-448.62588743713184,-448.62588743713184,-1.6660764818069111,-833.0382409034545,LOSS,2026-03-30T02:15:13.253022+00:00
1771424700|SHORT,1771424700,2026-02-18 09:25:00 ET,2026-02-18 09:25:00 ET,24809.5,2026-02-18,1771425300,2026-02-18 09:35:00 ET,2026-02-18 09:35:00 ET,24834.5,2026-02-18,SHORT,2,10.0,24834.5,-570.0,20.0,500.0,loss_cap,-1.0,-1.0,-500.0,-500.0,-2.666076481806911,-1333.0382409034546,LOSS,2026-04-14T18:17:42.541708+00:00
1771425300|SHORT,1771425300,2026-02-18 09:35:00 ET,2026-02-18 09:35:00 ET,24804.0,2026-02-18,1771425600,2026-02-18 09:40:00 ET,2026-02-18 09:40:00 ET,24829.0,2026-02-18,SHORT,1,5.0,24829.0,-1295.0,20.0,500.0,loss_cap,-1.0,-1.0,-500.0,-500.0,-3.666076481806911,-1833.0382409034546,LOSS,2026-04-14T18:17:42.541736+00:00
1771425600|SHORT,1771425600,2026-02-18 09:40:00 ET,2026-02-18 09:40:00 ET,24850.75,2026-02-18,1771425900,2026-02-18 09:45:00 ET,2026-02-18 09:45:00 ET,24875.75,2026-02-18,SHORT,1,5.0,24875.75,-580.0,20.0,500.0,loss_cap,-1.0,-1.0,-500.0,-500.0,-4.666076481806911,-2333.0382409034546,LOSS,2026-04-14T18:17:42.541762+00:00
1771425900|SHORT,1771425900,2026-02-18 09:45:00 ET,2026-02-18 09:45:00 ET,24802.5,2026-02-18,1771426200,2026-02-18 09:50:00 ET,2026-02-18 09:50:00 ET,24827.5,2026-02-18,SHORT,1,5.0,24827.5,-1840.0,20.0,500.0,loss_cap,-1.0,-1.0,-500.0,-500.0,-5.666076481806911,-2833.0382409034546,LOSS,2026-04-14T18:17:42.541788+00:00
1771426200|SHORT,1771426200,2026-02-18 09:50:00 ET,2026-02-18 09:50:00 ET,24887.0,2026-02-18,1771426500,2026-02-18 09:55:00 ET,2026-02-18 09:55:00 ET,24912.0,2026-02-18,SHORT,1,5.0,24912.0,-1430.0,20.0,500.0,loss_cap,-1.0,-1.0,-500.0,-500.0,-6.666076481806911,-3333.0382409034546,LOSS,2026-04-14T18:17:42.541813+00:00
1771426500|SHORT,1771426500,2026-02-18 09:55:00 ET,2026-02-18 09:55:00 ET,24940.75,2026-02-18,1771426800,2026-02-18 10:00:00 ET,2026-02-18 10:00:00 ET,24965.75,2026-02-18,SHORT,1,5.0,24965.75,-1575.0,20.0,500.0,loss_cap,-1.0,-1.0,-500.0,-500.0,-7.666076481806911,-3833.0382409034546,LOSS,2026-04-14T18:17:42.541840+00:00
1771442700|SHORT,1771442700,2026-02-18 14:25:00 ET,2026-02-18 14:25:00 ET,24992.5,2026-02-18,1771444800,2026-02-18 15:00:00 ET,2026-02-18 15:00:00 ET,24902.0,2026-02-18,SHORT,7,35.0,25017.5,-155.0,20.0,500.0,signal_flat,3.62,3.62,1810.0,1810.0,-4.046076481806911,-2023.0382409034546,WIN,2026-04-14T18:17:42.541980+00:00
1771493700|SHORT,1771493700,2026-02-19 04:35:00 ET,2026-02-19 04:35:00 ET,24908.75,2026-02-19,1771495800,2026-02-19 05:10:00 ET,2026-02-19 05:10:00 ET,24838.0,2026-02-19,SHORT,7,35.0,24933.75,-190.0,20.0,500.0,signal_flat,2.83,2.83,1415.0,1415.0,-1.216076481806911,-608.0382409034546,WIN,2026-04-14T18:17:42.542257+00:00
1771494000|SHORT,1771494000,2026-02-19 04:40:00 ET,2026-02-19 04:40:00 ET,24898.25,,1771510800,2026-02-19 09:20:00 ET,2026-02-19 09:20:00 ET,24867.75,,SHORT,55,,,,,,,0.09544584531873124,0.09544584531873124,47.72292265936562,47.72292265936562,-1.1206306364881797,-560.315318244089,WIN,2026-03-30T02:15:13.253108+00:00
1771585200|SHORT,1771585200,2026-02-20 06:00:00 ET,2026-02-20 06:00:00 ET,24850.75,,1771602000,2026-02-20 10:40:00 ET,2026-02-20 10:40:00 ET,25007.75,,SHORT,55,,,,,,,-0.6606907066075807,-0.6606907066075807,-330.3453533037903,-330.3453533037903,-1.7813213430957604,-890.6606715478792,LOSS,2026-03-30T02:15:13.253200+00:00
1771587300|SHORT,1771587300,2026-02-20 06:35:00 ET,2026-02-20 06:35:00 ET,24866.0,2026-02-20,1771589400,2026-02-20 07:10:00 ET,2026-02-20 07:10:00 ET,24840.25,2026-02-20,SHORT,7,35.0,24891.0,-100.0,20.0,500.0,signal_flat,1.03,1.03,515.0,515.0,-0.7513213430957604,-375.66067154787925,WIN,2026-04-14T18:17:42.542748+00:00
1771803600|SHORT,1771803600,2026-02-22 18:40:00 ET,2026-02-22 18:40:00 ET,24941.5,2026-02-23,1771803900,2026-02-22 18:45:00 ET,2026-02-22 18:45:00 ET,24966.5,2026-02-23,SHORT,1,5.0,24966.5,-740.0,20.0,500.0,loss_cap,-1.0,-1.0,-500.0,-500.0,-1.7513213430957604,-875.6606715478792,LOSS,2026-04-14T18:17:42.542957+00:00
1771803900|SHORT,1771803900,2026-02-22 18:45:00 ET,2026-02-22 18:45:00 ET,24972.0,2026-02-23,1771806900,2026-02-22 19:35:00 ET,2026-02-22 19:35:00 ET,24885.75,2026-02-23,SHORT,10,50.0,24997.0,-220.0,20.0,500.0,signal_flat,3.45,3.45,1725.0,1725.0,1.6986786569042398,849.3393284521208,WIN,2026-04-14T18:17:42.543038+00:00
1771804200|SHORT,1771804200,2026-02-22 18:50:00 ET,2026-02-22 18:50:00 ET,24956.75,,1771821000,2026-02-22 23:30:00 ET,2026-02-22 23:30:00 ET,24830.5,,SHORT,55,,,,,,,0.4822356587629084,0.4822356587629084,241.11782938145421,241.11782938145421,2.180914315667148,1090.457157833575,WIN,2026-03-30T02:15:13.253256+00:00
1771837500|LONG,1771837500,2026-02-23 04:05:00 ET,2026-02-23 04:05:00 ET,24974.25,2026-02-23,1771839600,2026-02-23 04:40:00 ET,2026-02-23 04:40:00 ET,24997.0,2026-02-23,LONG,7,35.0,24949.25,-25.0,20.0,500.0,signal_flat,0.91,0.91,455.0,455.0,3.090914315667148,1545.457157833575,WIN,2026-04-14T20:48:34.590604+00:00
1771865700|SHORT,1771865700,2026-02-23 11:55:00 ET,2026-02-23 11:55:00 ET,24734.75,,1771882500,2026-02-23 16:35:00 ET,2026-02-23 16:35:00 ET,24785.25,,SHORT,55,,,,,,,-0.2312253235167816,-0.2312253235167816,-115.6126617583908,-115.6126617583908,2.8596889921503665,1429.844496075184,LOSS,2026-03-30T02:15:13.253350+00:00
1771866600|SHORT,1771866600,2026-02-23 12:10:00 ET,2026-02-23 12:10:00 ET,24733.25,,1771883400,2026-02-23 16:50:00 ET,2026-02-23 16:50:00 ET,24781.0,,SHORT,55,,,,,,,-0.2201518051744622,-0.2201518051744622,-110.0759025872311,-110.0759025872311,2.6395371869759043,1319.7685934879528,LOSS,2026-03-30T00:11:59.288715+00:00
1771889100|LONG,1771889100,2026-02-23 18:25:00 ET,2026-02-23 18:25:00 ET,24805.75,2026-02-24,1771891200,2026-02-23 19:00:00 ET,2026-02-23 19:00:00 ET,24802.25,2026-02-24,LONG,7,35.0,24780.75,-470.0,20.0,500.0,signal_flat,-0.13999999999999999,-0.13999999999999999,-70.0,-70.0,2.499537186975904,1249.7685934879528,LOSS,2026-04-14T20:48:34.590919+00:00
1771952400|LONG,1771952400,2026-02-24 12:00:00 ET,2026-02-24 12:00:00 ET,25030.5,,1771969200,2026-02-24 16:40:00 ET,2026-02-24 16:40:00 ET,25021.25,,LONG,55,,,,,,,-0.06192547476735477,-0.06192547476735477,-30.962737383677386,-30.962737383677386,2.4376117122085494,1218.8058561042753,LOSS,2026-03-30T02:15:13.253440+00:00
1772029800|LONG,1772029800,2026-02-25 09:30:00 ET,2026-02-25 09:30:00 ET,25223.0,,1772046600,2026-02-25 14:10:00 ET,2026-02-25 14:10:00 ET,25370.0,,LONG,55,,,,,,,0.5576793659984425,0.5576793659984425,278.8396829992212,278.8396829992212,2.995291078206992,1497.6455391034965,WIN,2026-03-30T02:15:13.253522+00:00
1772030400|LONG,1772030400,2026-02-25 09:40:00 ET,2026-02-25 09:40:00 ET,25272.25,2026-02-25,1772033400,2026-02-25 10:30:00 ET,2026-02-25 10:30:00 ET,25297.0,2026-02-25,LONG,10,50.0,25247.25,-25.0,20.0,500.0,signal_flat,0.9900000000000001,0.9900000000000001,495.0,495.0,3.985291078206992,1992.6455391034965,WIN,2026-04-14T20:48:34.591720+00:00
1772064600|SHORT,1772064600,2026-02-25 19:10:00 ET,2026-02-25 19:10:00 ET,25331.5,,1772081400,2026-02-25 23:50:00 ET,2026-02-25 23:50:00 ET,25300.25,,SHORT,55,,,,,,,0.09790930173245727,0.09790930173245727,48.95465086622863,48.95465086622863,4.083200379939449,2041.600189969725,WIN,2026-03-30T02:15:13.253569+00:00
1772116800|SHORT,1772116800,2026-02-26 09:40:00 ET,2026-02-26 09:40:00 ET,25265.25,2026-02-26,1772118900,2026-02-26 10:15:00 ET,2026-02-26 10:15:00 ET,24952.75,2026-02-26,SHORT,7,35.0,25290.25,-15.0,20.0,500.0,signal_flat,12.5,12.5,6250.0,6250.0,16.58320037993945,8291.600189969726,WIN,2026-04-14T18:17:42.544542+00:00
1772117100|SHORT,1772117100,2026-02-26 09:45:00 ET,2026-02-26 09:45:00 ET,25230.25,,1772133900,2026-02-26 14:25:00 ET,2026-02-26 14:25:00 ET,25078.75,,SHORT,55,,,,,,,0.5699347111707942,0.5699347111707942,284.9673555853971,284.9673555853971,17.153135091110244,8576.567545555123,WIN,2026-03-30T02:15:13.253634+00:00
1772192100|SHORT,1772192100,2026-02-27 06:35:00 ET,2026-02-27 06:35:00 ET,24963.5,2026-02-27,1772194200,2026-02-27 07:10:00 ET,2026-02-27 07:10:00 ET,24977.5,2026-02-27,SHORT,7,35.0,24988.5,-320.0,20.0,500.0,signal_flat,-0.5599999999999999,-0.5599999999999999,-280.0,-280.0,16.593135091110245,8296.567545555123,LOSS,2026-04-14T18:17:42.544934+00:00
1772196000|SHORT,1772196000,2026-02-27 07:40:00 ET,2026-02-27 07:40:00 ET,24928.0,,1772212800,2026-02-27 12:20:00 ET,2026-02-27 12:20:00 ET,24942.25,,SHORT,55,,,,,,,-0.09004818063532705,-0.09004818063532705,-45.02409031766352,-45.02409031766352,16.503086910474916,8251.543455237459,LOSS,2026-03-30T02:15:13.253756+00:00
1772196600|SHORT,1772196600,2026-02-27 07:50:00 ET,2026-02-27 07:50:00 ET,24921.75,2026-02-27,1772199300,2026-02-27 08:35:00 ET,2026-02-27 08:35:00 ET,24823.75,2026-02-27,SHORT,9,45.0,24946.75,-420.0,20.0,500.0,signal_flat,3.92,3.92,1960.0,1960.0,20.423086910474915,10211.543455237459,WIN,2026-04-14T18:17:42.545010+00:00
1772413800|LONG,1772413800,2026-03-01 20:10:00 ET,2026-03-01 20:10:00 ET,24873.75,,1772429100,2026-03-02 00:25:00 ET,2026-03-02 00:25:00 ET,24722.75,,LONG,50,,,,,,,-0.6319109187110872,-0.6319109187110872,-315.9554593555436,-315.9554593555436,19.79117599176383,9895.587995881915,LOSS,2026-03-30T02:15:13.253829+00:00
1772428800|SHORT,1772428800,2026-03-02 00:20:00 ET,2026-03-02 00:20:00 ET,24722.75,,1772445600,2026-03-02 05:00:00 ET,2026-03-02 05:00:00 ET,24629.0,,SHORT,55,,,,,,,0.3525405661860548,0.3525405661860548,176.2702830930274,176.2702830930274,20.143716557949883,10071.858278974942,WIN,2026-03-30T02:15:13.253864+00:00
1772432700|SHORT,1772432700,2026-03-02 01:25:00 ET,2026-03-02 01:25:00 ET,24669.75,2026-03-02,1772434800,2026-03-02 02:00:00 ET,2026-03-02 02:00:00 ET,24587.5,2026-03-02,SHORT,7,35.0,24694.75,-190.0,20.0,500.0,signal_flat,3.29,3.29,1645.0,1645.0,23.433716557949882,11716.858278974942,WIN,2026-04-14T18:17:42.545346+00:00
1772445300|LONG,1772445300,2026-03-02 04:55:00 ET,2026-03-02 04:55:00 ET,24629.0,,1772462100,2026-03-02 09:35:00 ET,2026-03-02 09:35:00 ET,24832.75,,LONG,55,,,,,,,0.8021070142628872,0.8021070142628872,401.0535071314436,401.0535071314436,24.23582357221277,12117.911786106386,WIN,2026-03-30T02:15:13.253900+00:00
1772446800|LONG,1772446800,2026-03-02 05:20:00 ET,2026-03-02 05:20:00 ET,24649.0,2026-03-02,1772449500,2026-03-02 06:05:00 ET,2026-03-02 06:05:00 ET,24638.75,2026-03-02,LONG,9,45.0,24624.0,-245.0,20.0,500.0,signal_flat,-0.41000000000000003,-0.41000000000000003,-205.0,-205.0,23.82582357221277,11912.911786106386,LOSS,2026-04-14T20:48:34.592998+00:00
1772496600|SHORT,1772496600,2026-03-02 19:10:00 ET,2026-03-02 19:10:00 ET,24947.5,,1772513400,2026-03-02 23:50:00 ET,2026-03-02 23:50:00 ET,24803.5,,SHORT,55,,,,,,,0.5539531780807572,0.5539531780807572,276.9765890403786,276.9765890403786,24.379776750293527,12189.888375146764,WIN,2026-03-30T02:15:13.253980+00:00
1772503800|SHORT,1772503800,2026-03-02 21:10:00 ET,2026-03-02 21:10:00 ET,24857.0,2026-03-03,1772505900,2026-03-02 21:45:00 ET,2026-03-02 21:45:00 ET,24874.75,2026-03-03,SHORT,7,35.0,24882.0,-445.0,20.0,500.0,signal_flat,-0.7100000000000001,-0.7100000000000001,-355.0,-355.0,23.669776750293526,11834.888375146764,LOSS,2026-04-14T18:17:42.545732+00:00
1772508300|SHORT,1772508300,2026-03-02 22:25:00 ET,2026-03-02 22:25:00 ET,24823.25,2026-03-03,1772508900,2026-03-02 22:35:00 ET,2026-03-02 22:35:00 ET,24848.25,2026-03-03,SHORT,2,10.0,24848.25,-935.0,20.0,500.0,loss_cap,-1.0,-1.0,-500.0,-500.0,22.669776750293526,11334.888375146764,LOSS,2026-04-14T18:17:42.545775+00:00
1772508900|SHORT,1772508900,2026-03-02 22:35:00 ET,2026-03-02 22:35:00 ET,24868.75,2026-03-03,1772510400,2026-03-02 23:00:00 ET,2026-03-02 23:00:00 ET,24832.25,2026-03-03,SHORT,5,25.0,24893.75,-225.0,20.0,500.0,signal_flat,1.46,1.46,730.0,730.0,24.129776750293527,12064.888375146764,WIN,2026-04-14T18:17:42.545828+00:00
1772522700|SHORT,1772522700,2026-03-03 02:25:00 ET,2026-03-03 02:25:00 ET,24703.75,2026-03-03,1772524800,2026-03-03 03:00:00 ET,2026-03-03 03:00:00 ET,24679.0,2026-03-03,SHORT,7,35.0,24728.75,-195.0,20.0,500.0,signal_flat,0.9900000000000001,0.9900000000000001,495.0,495.0,25.119776750293525,12559.888375146764,WIN,2026-04-14T18:17:42.545943+00:00
1772523300|SHORT,1772523300,2026-03-03 02:35:00 ET,2026-03-03 02:35:00 ET,24686.75,,1772540100,2026-03-03 07:15:00 ET,2026-03-03 07:15:00 ET,24555.25,,SHORT,55,,,,,,,0.504945788557909,0.504945788557909,252.47289427895447,252.47289427895447,25.624722538851433,12812.361269425719,WIN,2026-03-30T02:15:13.254024+00:00
1772541000|LONG,1772541000,2026-03-03 07:30:00 ET,2026-03-03 07:30:00 ET,24578.25,,1772557800,2026-03-03 12:10:00 ET,2026-03-03 12:10:00 ET,24638.0,,LONG,55,,,,,,,0.21803524134653696,0.21803524134653696,109.01762067326848,109.01762067326848,25.84275778019797,12921.378890098988,WIN,2026-03-30T02:15:13.254058+00:00
1772594400|SHORT,1772594400,2026-03-03 22:20:00 ET,2026-03-03 22:20:00 ET,24573.75,,1772610900,2026-03-04 02:55:00 ET,2026-03-04 02:55:00 ET,24663.25,,SHORT,53,,,,,,,-0.39116605451442465,-0.39116605451442465,-195.58302725721234,-195.58302725721234,25.451591725683546,12725.795862841775,LOSS,2026-03-30T02:15:13.254141+00:00
1772610600|LONG,1772610600,2026-03-04 02:50:00 ET,2026-03-04 02:50:00 ET,24663.25,,1772627400,2026-03-04 07:30:00 ET,2026-03-04 07:30:00 ET,24731.25,,LONG,55,,,,,,,0.2506385828907387,0.2506385828907387,125.31929144536934,125.31929144536934,25.702230308574286,12851.115154287145,WIN,2026-03-30T02:15:13.254174+00:00
1772632800|LONG,1772632800,2026-03-04 09:00:00 ET,2026-03-04 09:00:00 ET,24888.0,,1772649600,2026-03-04 13:40:00 ET,2026-03-04 13:40:00 ET,25193.75,,LONG,55,,,,,,,1.2031835992749595,1.2031835992749595,601.5917996374798,601.5917996374798,26.905413907849244,13452.706953924624,WIN,2026-03-30T02:15:13.254214+00:00
1772633100|LONG,1772633100,2026-03-04 09:05:00 ET,2026-03-04 09:05:00 ET,24875.25,,1772649900,2026-03-04 13:45:00 ET,2026-03-04 13:45:00 ET,25200.25,,LONG,55,,,,,,,1.2812150279081003,1.2812150279081003,640.6075139540501,640.6075139540501,28.186628935757344,14093.314467878674,WIN,2026-03-30T00:11:59.289557+00:00
1772675700|SHORT,1772675700,2026-03-04 20:55:00 ET,2026-03-04 20:55:00 ET,25071.0,,1772692800,2026-03-05 01:40:00 ET,2026-03-05 01:40:00 ET,25002.25,,SHORT,55,,,,,,,0.24834246122900083,0.24834246122900083,124.17123061450042,124.17123061450042,28.434971396986345,14217.485698493174,WIN,2026-03-30T02:15:13.254287+00:00
1772717400|SHORT,1772717400,2026-03-05 08:30:00 ET,2026-03-05 08:30:00 ET,25025.5,2026-03-05,1772721000,2026-03-05 09:30:00 ET,2026-03-05 09:30:00 ET,25050.5,2026-03-05,SHORT,12,60.0,25050.5,-1390.0,20.0,500.0,loss_cap,-1.0,-1.0,-500.0,-500.0,27.434971396986345,13717.485698493174,LOSS,2026-04-14T18:17:42.546899+00:00
1772718900|SHORT,1772718900,2026-03-05 08:55:00 ET,2026-03-05 08:55:00 ET,24993.75,,1772735700,2026-03-05 13:35:00 ET,2026-03-05 13:35:00 ET,24797.25,,SHORT,55,,,,,,,0.7539295822467151,0.7539295822467151,376.96479112335754,376.96479112335754,28.18890097923306,14094.45048961653,WIN,2026-03-30T02:15:13.254344+00:00
1772788500|SHORT,1772788500,2026-03-06 04:15:00 ET,2026-03-06 04:15:00 ET,24999.0,,1772807100,2026-03-06 09:25:00 ET,2026-03-06 09:25:00 ET,24645.25,,SHORT,61,,,,,,,1.4060628387749796,1.4060628387749796,703.0314193874898,703.0314193874898,29.59496381800804,14797.48190900402,WIN,2026-03-30T02:15:13.254444+00:00
1772788800|SHORT,1772788800,2026-03-06 04:20:00 ET,2026-03-06 04:20:00 ET,24983.25,2026-03-06,1772790900,2026-03-06 04:55:00 ET,2026-03-06 04:55:00 ET,24920.75,2026-03-06,SHORT,7,35.0,25008.25,-180.0,20.0,500.0,signal_flat,2.5,2.5,1250.0,1250.0,32.09496381800804,16047.48190900402,WIN,2026-04-14T18:17:42.547258+00:00
1772800800|SHORT,1772800800,2026-03-06 07:40:00 ET,2026-03-06 07:40:00 ET,24844.75,2026-03-06,1772802900,2026-03-06 08:15:00 ET,2026-03-06 08:15:00 ET,24845.25,2026-03-06,SHORT,7,35.0,24869.75,-375.0,20.0,500.0,signal_flat,-0.02,-0.02,-10.0,-10.0,32.07496381800804,16037.48190900402,LOSS,2026-04-14T18:17:42.547363+00:00
1773033600|LONG,1773033600,2026-03-09 01:20:00 ET,2026-03-09 01:20:00 ET,24199.0,,1773050400,2026-03-09 06:00:00 ET,2026-03-09 06:00:00 ET,24419.75,,LONG,55,,,,,,,0.8870038904727151,0.8870038904727151,443.5019452363575,443.5019452363575,32.96196770848075,16480.983854240378,WIN,2026-03-30T02:15:13.254544+00:00
1773051600|LONG,1773051600,2026-03-09 06:20:00 ET,2026-03-09 06:20:00 ET,24390.0,,1773068400,2026-03-09 11:00:00 ET,2026-03-09 11:00:00 ET,24549.0,,LONG,55,,,,,,,0.6267337375389648,0.6267337375389648,313.3668687694824,313.3668687694824,33.58870144601971,16794.35072300986,WIN,2026-03-30T02:15:13.254580+00:00
1773058800|LONG,1773058800,2026-03-09 08:20:00 ET,2026-03-09 08:20:00 ET,24453.75,,1773076200,2026-03-09 13:10:00 ET,2026-03-09 13:10:00 ET,24686.0,,LONG,57,,,,,,,0.9245125807288312,0.9245125807288312,462.25629036441563,462.25629036441563,34.51321402674854,17256.607013374272,WIN,2026-03-30T00:11:59.289925+00:00
1773072300|LONG,1773072300,2026-03-09 12:05:00 ET,2026-03-09 12:05:00 ET,24662.0,,1773089100,2026-03-09 16:45:00 ET,2026-03-09 16:45:00 ET,24960.0,,LONG,55,,,,,,,1.183035910550756,1.183035910550756,591.517955275378,591.517955275378,35.6962499372993,17848.124968649652,WIN,2026-03-30T02:15:13.254617+00:00
1773094800|SHORT,1773094800,2026-03-09 18:20:00 ET,2026-03-09 18:20:00 ET,24885.25,,1773107700,2026-03-09 21:55:00 ET,2026-03-09 21:55:00 ET,24986.25,,SHORT,42,,,,,,,-0.4315415710514525,-0.4315415710514525,-215.77078552572627,-215.77078552572627,35.264708366247845,17632.354183123927,LOSS,2026-03-30T02:15:13.254648+00:00
1773107400|LONG,1773107400,2026-03-09 21:50:00 ET,2026-03-09 21:50:00 ET,24986.25,,1773124500,2026-03-10 02:35:00 ET,2026-03-10 02:35:00 ET,24975.0,,LONG,55,,,,,,,-0.07001175737691989,-0.07001175737691989,-35.005878688459944,-35.005878688459944,35.19469660887093,17597.34830443547,LOSS,2026-03-30T02:15:13.254695+00:00
1773109500|LONG,1773109500,2026-03-09 22:25:00 ET,2026-03-09 22:25:00 ET,24973.0,2026-03-10,1773109800,2026-03-09 22:30:00 ET,2026-03-09 22:30:00 ET,24948.0,2026-03-10,LONG,1,5.0,24948.0,-620.0,20.0,500.0,loss_cap,-1.0,-1.0,-500.0,-500.0,34.19469660887093,17097.34830443547,LOSS,2026-04-14T20:48:34.595502+00:00
1773109800|LONG,1773109800,2026-03-09 22:30:00 ET,2026-03-09 22:30:00 ET,24953.75,2026-03-10,1773110700,2026-03-09 22:45:00 ET,2026-03-09 22:45:00 ET,24928.75,2026-03-10,LONG,3,15.0,24928.75,-625.0,20.0,500.0,loss_cap,-1.0,-1.0,-500.0,-500.0,33.19469660887093,16597.34830443547,LOSS,2026-04-14T20:48:34.595548+00:00
1773110700|LONG,1773110700,2026-03-09 22:45:00 ET,2026-03-09 22:45:00 ET,24923.5,2026-03-10,1773111600,2026-03-09 23:00:00 ET,2026-03-09 23:00:00 ET,24934.0,2026-03-10,LONG,3,15.0,24898.5,-330.0,20.0,500.0,signal_flat,0.42,0.42,210.0,210.0,33.61469660887093,16807.34830443547,WIN,2026-04-14T20:48:34.595597+00:00
1773127200|LONG,1773127200,2026-03-10 03:20:00 ET,2026-03-10 03:20:00 ET,25039.25,,1773143100,2026-03-10 07:45:00 ET,2026-03-10 07:45:00 ET,24973.5,,LONG,52,,,,,,,-0.28750144435554237,-0.28750144435554237,-143.7507221777712,-143.7507221777712,33.32719516451539,16663.5975822577,LOSS,2026-03-30T02:15:13.254732+00:00
1773128400|LONG,1773128400,2026-03-10 03:40:00 ET,2026-03-10 03:40:00 ET,25056.0,2026-03-10,1773132600,2026-03-10 04:50:00 ET,2026-03-10 04:50:00 ET,25103.0,2026-03-10,LONG,14,70.0,25031.0,-230.0,20.0,500.0,signal_flat,1.8800000000000001,1.8800000000000001,940.0,940.0,35.20719516451539,17603.5975822577,WIN,2026-04-14T20:48:34.595776+00:00
1773142800|SHORT,1773142800,2026-03-10 07:40:00 ET,2026-03-10 07:40:00 ET,24973.5,,1773150600,2026-03-10 09:50:00 ET,2026-03-10 09:50:00 ET,25046.5,,SHORT,25,,,,,,,-0.3176223140719081,-0.3176223140719081,-158.81115703595407,-158.81115703595407,34.889572850443486,17444.786425221744,LOSS,2026-03-30T02:15:13.254756+00:00
1773150300|LONG,1773150300,2026-03-10 09:45:00 ET,2026-03-10 09:45:00 ET,25046.5,,1773167100,2026-03-10 14:25:00 ET,2026-03-10 14:25:00 ET,25030.75,,LONG,55,,,,,,,-0.08792079812314224,-0.08792079812314224,-43.960399061571124,-43.960399061571124,34.80165205232034,17400.82602616017,LOSS,2026-03-30T02:15:13.254790+00:00
1773191400|LONG,1773191400,2026-03-10 21:10:00 ET,2026-03-10 21:10:00 ET,25075.5,2026-03-11,1773193500,2026-03-10 21:45:00 ET,2026-03-10 21:45:00 ET,25088.25,2026-03-11,LONG,7,35.0,25050.5,-95.0,20.0,500.0,signal_flat,0.51,0.51,255.0,255.0,35.31165205232034,17655.82602616017,WIN,2026-04-14T20:48:34.596136+00:00
1773214500|SHORT,1773214500,2026-03-11 03:35:00 ET,2026-03-11 03:35:00 ET,24959.0,,1773231300,2026-03-11 08:15:00 ET,2026-03-11 08:15:00 ET,24955.75,,SHORT,55,,,,,,,-0.014224124308026553,-0.014224124308026553,-7.112062154013277,-7.112062154013277,35.29742792801231,17648.713964006158,LOSS,2026-03-30T02:15:13.254882+00:00
1773219600|SHORT,1773219600,2026-03-11 05:00:00 ET,2026-03-11 05:00:00 ET,24928.75,2026-03-11,1773220500,2026-03-11 05:15:00 ET,2026-03-11 05:15:00 ET,24953.75,2026-03-11,SHORT,3,15.0,24953.75,-515.0,20.0,500.0,loss_cap,-1.0,-1.0,-500.0,-500.0,34.29742792801231,17148.713964006158,LOSS,2026-04-14T18:17:42.548540+00:00
1773220500|SHORT,1773220500,2026-03-11 05:15:00 ET,2026-03-11 05:15:00 ET,24950.25,2026-03-11,1773221700,2026-03-11 05:35:00 ET,2026-03-11 05:35:00 ET,24933.75,2026-03-11,SHORT,4,20.0,24975.25,-410.0,20.0,500.0,signal_flat,0.66,0.66,330.0,330.0,34.95742792801231,17478.713964006158,WIN,2026-04-14T18:17:42.548583+00:00
1773236100|LONG,1773236100,2026-03-11 09:35:00 ET,2026-03-11 09:35:00 ET,25102.75,,1773252900,2026-03-11 14:15:00 ET,2026-03-11 14:15:00 ET,24913.0,,LONG,55,,,,,,,-0.7807379557627225,-0.7807379557627225,-390.3689778813613,-390.3689778813613,34.176689972249584,17088.344986124797,LOSS,2026-03-30T02:15:13.254921+00:00
1773253500|SHORT,1773253500,2026-03-11 14:25:00 ET,2026-03-11 14:25:00 ET,24947.0,,1773254700,2026-03-11 14:45:00 ET,2026-03-11 14:45:00 ET,24943.0,,SHORT,3,,,,,,,-0.009074022365773704,-0.009074022365773704,-4.537011182886852,-4.537011182886852,34.16761594988381,17083.807974941912,LOSS,2026-03-30T02:15:13.254936+00:00
1773269400|SHORT,1773269400,2026-03-11 18:50:00 ET,2026-03-11 18:50:00 ET,24835.5,2026-03-12,1773271800,2026-03-11 19:30:00 ET,2026-03-11 19:30:00 ET,24758.5,2026-03-12,SHORT,8,40.0,24860.5,-365.0,20.0,500.0,signal_flat,3.08,3.08,1540.0,1540.0,37.24761594988381,18623.807974941912,WIN,2026-04-14T18:17:42.548864+00:00
1773277200|SHORT,1773277200,2026-03-11 21:00:00 ET,2026-03-11 21:00:00 ET,24793.25,,1773294000,2026-03-12 01:40:00 ET,2026-03-12 01:40:00 ET,24761.25,,SHORT,54,,,,,,,0.10288621876948234,0.10288621876948234,51.44310938474117,51.44310938474117,37.35050216865329,18675.251084326654,WIN,2026-03-30T00:11:59.290308+00:00
1773287700|SHORT,1773287700,2026-03-11 23:55:00 ET,2026-03-11 23:55:00 ET,24726.5,,1773294000,2026-03-12 01:40:00 ET,2026-03-12 01:40:00 ET,24761.25,,SHORT,19,,,,,,,-0.1657321280069235,-0.1657321280069235,-82.86606400346174,-82.86606400346174,37.18477004064637,18592.385020323192,LOSS,2026-03-30T02:15:13.254982+00:00
1773302100|LONG,1773302100,2026-03-12 03:55:00 ET,2026-03-12 03:55:00 ET,24872.0,2026-03-12,1773304800,2026-03-12 04:40:00 ET,2026-03-12 04:40:00 ET,24847.0,2026-03-12,LONG,9,45.0,24847.0,-705.0,20.0,500.0,loss_cap,-1.0,-1.0,-500.0,-500.0,36.18477004064637,18092.385020323192,LOSS,2026-04-14T20:48:34.596766+00:00
1773321300|SHORT,1773321300,2026-03-12 09:15:00 ET,2026-03-12 09:15:00 ET,24784.75,,1773338100,2026-03-12 13:55:00 ET,2026-03-12 13:55:00 ET,24622.75,,SHORT,55,,,,,,,0.622941546193112,0.622941546193112,311.470773096556,311.470773096556,36.80771158683948,18403.85579341975,WIN,2026-03-30T02:15:13.255061+00:00
1773345300|SHORT,1773345300,2026-03-12 15:55:00 ET,2026-03-12 15:55:00 ET,24555.25,2026-03-12,1773347400,2026-03-12 16:30:00 ET,2026-03-12 16:30:00 ET,24554.5,2026-03-12,SHORT,7,35.0,24580.25,-375.0,20.0,500.0,signal_flat,0.03,0.03,15.0,15.0,36.83771158683948,18418.85579341975,WIN,2026-04-13T03:52:11.266482+00:00
1773366300|LONG,1773366300,2026-03-12 21:45:00 ET,2026-03-12 21:45:00 ET,24627.25,,1773383100,2026-03-13 02:25:00 ET,2026-03-13 02:25:00 ET,24565.5,,LONG,54,,,,,,,-0.2756806373061971,-0.2756806373061971,-137.84031865309854,-137.84031865309854,36.56203094953329,18281.01547476665,LOSS,2026-03-30T02:15:13.255136+00:00
1773368400|LONG,1773368400,2026-03-12 22:20:00 ET,2026-03-12 22:20:00 ET,24617.0,2026-03-13,1773370500,2026-03-12 22:55:00 ET,2026-03-12 22:55:00 ET,24605.0,2026-03-13,LONG,7,35.0,24592.0,-355.0,20.0,500.0,signal_flat,-0.48,-0.48,-240.0,-240.0,36.08203094953329,18041.01547476665,LOSS,2026-04-14T20:48:34.597152+00:00
1773385200|SHORT,1773385200,2026-03-13 03:00:00 ET,2026-03-13 03:00:00 ET,24457.0,2026-03-13,1773388800,2026-03-13 04:00:00 ET,2026-03-13 04:00:00 ET,24421.75,2026-03-13,SHORT,12,60.0,24482.0,-370.0,20.0,500.0,signal_flat,1.41,1.41,705.0,705.0,37.49203094953329,18746.01547476665,WIN,2026-04-14T18:17:42.549458+00:00
1773390900|SHORT,1773390900,2026-03-13 04:35:00 ET,2026-03-13 04:35:00 ET,24472.25,2026-03-13,1773391800,2026-03-13 04:50:00 ET,2026-03-13 04:50:00 ET,24497.25,2026-03-13,SHORT,3,15.0,24497.25,-1040.0,20.0,500.0,loss_cap,-1.0,-1.0,-500.0,-500.0,36.49203094953329,18246.01547476665,LOSS,2026-04-14T18:17:42.549512+00:00
1773391800|SHORT,1773391800,2026-03-13 04:50:00 ET,2026-03-13 04:50:00 ET,24511.0,2026-03-13,1773392400,2026-03-13 05:00:00 ET,2026-03-13 05:00:00 ET,24536.0,2026-03-13,SHORT,2,10.0,24536.0,-1265.0,20.0,500.0,loss_cap,-1.0,-1.0,-500.0,-500.0,35.49203094953329,17746.01547476665,LOSS,2026-04-14T18:17:42.549542+00:00
1773392400|SHORT,1773392400,2026-03-13 05:00:00 ET,2026-03-13 05:00:00 ET,24549.25,2026-03-13,1773393000,2026-03-13 05:10:00 ET,2026-03-13 05:10:00 ET,24532.5,2026-03-13,SHORT,2,10.0,24574.25,-125.0,20.0,500.0,signal_flat,0.67,0.67,335.0,335.0,36.16203094953329,18081.01547476665,WIN,2026-04-14T18:17:42.549575+00:00
1773395100|LONG,1773395100,2026-03-13 05:45:00 ET,2026-03-13 05:45:00 ET,24536.5,,1773411900,2026-03-13 10:25:00 ET,2026-03-13 10:25:00 ET,24672.0,,LONG,55,,,,,,,0.5271032593042513,0.5271032593042513,263.55162965212565,263.55162965212565,36.689134208837544,18344.567104418777,WIN,2026-03-30T02:15:13.255198+00:00
1773396600|LONG,1773396600,2026-03-13 06:10:00 ET,2026-03-13 06:10:00 ET,24589.75,2026-03-13,1773400200,2026-03-13 07:10:00 ET,2026-03-13 07:10:00 ET,24619.0,2026-03-13,LONG,12,60.0,24564.75,-420.0,20.0,500.0,signal_flat,1.17,1.17,585.0,585.0,37.859134208837546,18929.567104418777,WIN,2026-04-14T20:48:34.597389+00:00
1773402300|LONG,1773402300,2026-03-13 07:45:00 ET,2026-03-13 07:45:00 ET,24643.5,2026-03-13,1773404400,2026-03-13 08:20:00 ET,2026-03-13 08:20:00 ET,24636.5,2026-03-13,LONG,7,35.0,24618.5,-260.0,20.0,500.0,signal_flat,-0.27999999999999997,-0.27999999999999997,-140.0,-140.0,37.579134208837544,18789.567104418777,LOSS,2026-04-14T20:48:34.597463+00:00
1773618600|LONG,1773618600,2026-03-15 19:50:00 ET,2026-03-15 19:50:00 ET,24454.5,,1773635400,2026-03-16 00:30:00 ET,2026-03-16 00:30:00 ET,24533.0,,LONG,55,,,,,,,0.29590866978812524,0.29590866978812524,147.9543348940626,147.9543348940626,37.87504287862567,18937.52143931284,WIN,2026-03-30T02:15:13.255257+00:00
1773660900|LONG,1773660900,2026-03-16 07:35:00 ET,2026-03-16 07:35:00 ET,24616.0,,1773677700,2026-03-16 12:15:00 ET,2026-03-16 12:15:00 ET,24895.0,,LONG,55,,,,,,,1.108140183853168,1.108140183853168,554.0700919265839,554.0700919265839,38.98318306247884,19491.591531239425,WIN,2026-03-30T02:15:13.255312+00:00
1773661200|LONG,1773661200,2026-03-16 07:40:00 ET,2026-03-16 07:40:00 ET,24630.25,2026-03-16,1773664800,2026-03-16 08:40:00 ET,2026-03-16 08:40:00 ET,24676.25,2026-03-16,LONG,12,60.0,24605.25,-305.0,20.0,500.0,signal_flat,1.8399999999999999,1.8399999999999999,920.0,920.0,40.82318306247883,20411.591531239425,WIN,2026-04-14T20:48:34.597961+00:00
1773668700|LONG,1773668700,2026-03-16 09:45:00 ET,2026-03-16 09:45:00 ET,24713.0,2026-03-16,1773669000,2026-03-16 09:50:00 ET,2026-03-16 09:50:00 ET,24688.0,2026-03-16,LONG,1,5.0,24688.0,-590.0,20.0,500.0,loss_cap,-1.0,-1.0,-500.0,-500.0,39.82318306247883,19911.591531239425,LOSS,2026-04-14T20:48:34.598011+00:00
1773669000|LONG,1773669000,2026-03-16 09:50:00 ET,2026-03-16 09:50:00 ET,24698.75,2026-03-16,1773670800,2026-03-16 10:20:00 ET,2026-03-16 10:20:00 ET,24751.5,2026-03-16,LONG,6,30.0,24673.75,-370.0,20.0,500.0,signal_flat,2.11,2.11,1055.0,1055.0,41.93318306247883,20966.591531239425,WIN,2026-04-14T20:48:34.598068+00:00
1773684000|LONG,1773684000,2026-03-16 14:00:00 ET,2026-03-16 14:00:00 ET,24913.0,,1773694200,2026-03-16 16:50:00 ET,2026-03-16 16:50:00 ET,24872.5,,LONG,33,,,,,,,-0.1875125703238556,-0.1875125703238556,-93.75628516192779,-93.75628516192779,41.74567049215498,20872.835246077495,LOSS,2026-03-30T02:15:13.255344+00:00
1773750600|LONG,1773750600,2026-03-17 08:30:00 ET,2026-03-17 08:30:00 ET,24932.25,,1773767400,2026-03-17 13:10:00 ET,2026-03-17 13:10:00 ET,25029.25,,LONG,55,,,,,,,0.36395329828251555,0.36395329828251555,181.97664914125778,181.97664914125778,42.109623790437496,21054.811895218754,WIN,2026-03-30T02:15:13.255444+00:00
1773750900|LONG,1773750900,2026-03-17 08:35:00 ET,2026-03-17 08:35:00 ET,24928.75,2026-03-17,1773755100,2026-03-17 09:45:00 ET,2026-03-17 09:45:00 ET,25114.0,2026-03-17,LONG,14,70.0,24903.75,-255.0,20.0,500.0,signal_flat,7.41,7.41,3705.0,3705.0,49.51962379043749,24759.811895218754,WIN,2026-04-14T20:48:34.598576+00:00
1773800100|LONG,1773800100,2026-03-17 22:15:00 ET,2026-03-17 22:15:00 ET,25118.0,2026-03-18,1773802200,2026-03-17 22:50:00 ET,2026-03-17 22:50:00 ET,25118.25,2026-03-18,LONG,7,35.0,25093.0,-85.0,20.0,500.0,signal_flat,0.01,0.01,5.0,5.0,49.52962379043749,24764.811895218754,WIN,2026-04-14T20:48:34.598863+00:00
1773835500|SHORT,1773835500,2026-03-18 08:05:00 ET,2026-03-18 08:05:00 ET,25059.25,2026-03-18,1773837600,2026-03-18 08:40:00 ET,2026-03-18 08:40:00 ET,24923.0,2026-03-18,SHORT,7,35.0,25084.25,-110.0,20.0,500.0,signal_flat,5.45,5.45,2725.0,2725.0,54.97962379043749,27489.811895218754,WIN,2026-04-14T18:17:42.550864+00:00
1773888000|LONG,1773888000,2026-03-18 22:40:00 ET,2026-03-18 22:40:00 ET,24716.0,2026-03-19,1773888600,2026-03-18 22:50:00 ET,2026-03-18 22:50:00 ET,24691.0,2026-03-19,LONG,2,10.0,24691.0,-575.0,20.0,500.0,loss_cap,-1.0,-1.0,-500.0,-500.0,53.97962379043749,26989.811895218754,LOSS,2026-04-14T20:48:34.599340+00:00
1773888600|LONG,1773888600,2026-03-18 22:50:00 ET,2026-03-18 22:50:00 ET,24693.75,2026-03-19,1773890100,2026-03-18 23:15:00 ET,2026-03-18 23:15:00 ET,24702.75,2026-03-19,LONG,5,25.0,24668.75,-115.0,20.0,500.0,signal_flat,0.36,0.36,180.0,180.0,54.33962379043749,27169.811895218754,WIN,2026-04-14T20:48:34.599400+00:00
1773898800|SHORT,1773898800,2026-03-19 01:40:00 ET,2026-03-19 01:40:00 ET,24583.5,2026-03-19,1773899400,2026-03-19 01:50:00 ET,2026-03-19 01:50:00 ET,24608.5,2026-03-19,SHORT,2,10.0,24608.5,-650.0,20.0,500.0,loss_cap,-1.0,-1.0,-500.0,-500.0,53.33962379043749,26669.811895218754,LOSS,2026-04-14T18:17:42.551168+00:00
1773899400|SHORT,1773899400,2026-03-19 01:50:00 ET,2026-03-19 01:50:00 ET,24615.25,2026-03-19,1773900900,2026-03-19 02:15:00 ET,2026-03-19 02:15:00 ET,24627.0,2026-03-19,SHORT,5,25.0,24640.25,-475.0,20.0,500.0,signal_flat,-0.47000000000000003,-0.47000000000000003,-235.0,-235.0,52.869623790437494,26434.811895218754,LOSS,2026-04-14T18:17:42.551215+00:00
1773920100|SHORT,1773920100,2026-03-19 07:35:00 ET,2026-03-19 07:35:00 ET,24511.0,,1773936900,2026-03-19 12:15:00 ET,2026-03-19 12:15:00 ET,24471.0,,SHORT,55,,,,,,,0.12905105059783928,0.12905105059783928,64.52552529891963,64.52552529891963,52.99867484103533,26499.337420517673,WIN,2026-03-30T02:15:13.255640+00:00
1773959100|LONG,1773959100,2026-03-19 18:25:00 ET,2026-03-19 18:25:00 ET,24639.0,,1773975900,2026-03-19 23:05:00 ET,2026-03-19 23:05:00 ET,24612.0,,LONG,55,,,,,,,-0.13455244022977375,-0.13455244022977375,-67.27622011488688,-67.27622011488688,52.864122400805556,26432.061200402786,LOSS,2026-03-30T02:15:13.255705+00:00
1773999900|SHORT,1773999900,2026-03-20 05:45:00 ET,2026-03-20 05:45:00 ET,24441.75,,1774008000,2026-03-20 08:00:00 ET,2026-03-20 08:00:00 ET,24444.25,,SHORT,26,,,,,,,-0.037117975970746286,-0.037117975970746286,-18.558987985373143,-18.558987985373143,52.82700442483481,26413.502212417414,LOSS,2026-03-30T02:15:13.255750+00:00
1774007700|LONG,1774007700,2026-03-20 07:55:00 ET,2026-03-20 07:55:00 ET,24444.25,,1774018500,2026-03-20 10:55:00 ET,2026-03-20 10:55:00 ET,24237.0,,LONG,35,,,,,,,-0.8726453287754454,-0.8726453287754454,-436.32266438772274,-436.32266438772274,51.95435909605936,25977.17954802969,LOSS,2026-03-30T02:15:13.255777+00:00
1774030500|SHORT,1774030500,2026-03-20 14:15:00 ET,2026-03-20 14:15:00 ET,24182.25,2026-03-20,1774032600,2026-03-20 14:50:00 ET,2026-03-20 14:50:00 ET,24086.5,2026-03-20,SHORT,7,35.0,24207.25,-165.0,20.0,500.0,signal_flat,3.83,3.83,1915.0,1915.0,55.78435909605936,27892.17954802969,WIN,2026-04-14T18:17:42.551907+00:00
1774238100|SHORT,1774238100,2026-03-22 23:55:00 ET,2026-03-22 23:55:00 ET,23955.75,2026-03-23,1774239300,2026-03-23 00:15:00 ET,2026-03-23 00:15:00 ET,23980.75,2026-03-23,SHORT,4,20.0,23980.75,-575.0,20.0,500.0,loss_cap,-1.0,-1.0,-500.0,-500.0,54.78435909605936,27392.17954802969,LOSS,2026-04-14T18:17:42.552083+00:00
1774239300|SHORT,1774239300,2026-03-23 00:15:00 ET,2026-03-23 00:15:00 ET,23979.75,2026-03-23,1774240200,2026-03-23 00:30:00 ET,2026-03-23 00:30:00 ET,23992.25,2026-03-23,SHORT,3,15.0,24004.75,-335.0,20.0,500.0,signal_flat,-0.5,-0.5,-250.0,-250.0,54.28435909605936,27142.17954802969,LOSS,2026-04-14T18:17:42.552121+00:00
1774248000|SHORT,1774248000,2026-03-23 02:40:00 ET,2026-03-23 02:40:00 ET,23871.25,2026-03-23,1774249500,2026-03-23 03:05:00 ET,2026-03-23 03:05:00 ET,23896.25,2026-03-23,SHORT,5,25.0,23896.25,-650.0,20.0,500.0,loss_cap,-1.0,-1.0,-500.0,-500.0,53.28435909605936,26642.17954802969,LOSS,2026-04-14T18:17:42.552201+00:00
1774249500|SHORT,1774249500,2026-03-23 03:05:00 ET,2026-03-23 03:05:00 ET,23884.0,2026-03-23,1774249800,2026-03-23 03:10:00 ET,2026-03-23 03:10:00 ET,23909.0,2026-03-23,SHORT,1,5.0,23909.0,-585.0,20.0,500.0,loss_cap,-1.0,-1.0,-500.0,-500.0,52.28435909605936,26142.17954802969,LOSS,2026-04-14T18:17:42.552226+00:00
1774249800|SHORT,1774249800,2026-03-23 03:10:00 ET,2026-03-23 03:10:00 ET,23893.0,2026-03-23,1774250700,2026-03-23 03:25:00 ET,2026-03-23 03:25:00 ET,23801.25,2026-03-23,SHORT,3,15.0,23918.0,-105.0,20.0,500.0,signal_flat,3.6700000000000004,3.6700000000000004,1835.0,1835.0,55.95435909605936,27977.17954802969,WIN,2026-04-14T18:17:42.552264+00:00
1774256400|LONG,1774256400,2026-03-23 05:00:00 ET,2026-03-23 05:00:00 ET,23914.75,,1774273200,2026-03-23 09:40:00 ET,2026-03-23 09:40:00 ET,24540.25,,LONG,55,,,,,,,2.5899084373311343,2.5899084373311343,1294.9542186655672,1294.9542186655672,58.544267533390496,29272.133766695257,WIN,2026-03-30T02:15:13.255894+00:00
1774317600|SHORT,1774317600,2026-03-23 22:00:00 ET,2026-03-23 22:00:00 ET,24263.75,,1774334700,2026-03-24 02:45:00 ET,2026-03-24 02:45:00 ET,24353.75,,SHORT,55,,,,,,,-0.39668587317631676,-0.39668587317631676,-198.34293658815838,-198.34293658815838,58.14758166021418,29073.7908301071,LOSS,2026-03-30T02:15:13.255963+00:00
1774334400|LONG,1774334400,2026-03-24 02:40:00 ET,2026-03-24 02:40:00 ET,24353.75,,1774342500,2026-03-24 04:55:00 ET,2026-03-24 04:55:00 ET,24388.5,,LONG,26,,,,,,,0.11765976262227973,0.11765976262227973,58.829881311139864,58.829881311139864,58.26524142283646,29132.62071141824,WIN,2026-03-30T02:15:13.255986+00:00
1774335000|LONG,1774335000,2026-03-24 02:50:00 ET,2026-03-24 02:50:00 ET,24393.75,2026-03-24,1774337100,2026-03-24 03:25:00 ET,2026-03-24 03:25:00 ET,24466.25,2026-03-24,LONG,7,35.0,24368.75,-450.0,20.0,500.0,signal_flat,2.9000000000000004,2.9000000000000004,1450.0,1450.0,61.16524142283646,30582.62071141824,WIN,2026-04-14T20:48:34.600826+00:00
1774342200|SHORT,1774342200,2026-03-24 04:50:00 ET,2026-03-24 04:50:00 ET,24388.5,,1774359000,2026-03-24 09:30:00 ET,2026-03-24 09:30:00 ET,24255.5,,SHORT,55,,,,,,,0.5184316807647749,0.5184316807647749,259.21584038238746,259.21584038238746,61.68367310360124,30841.83655180063,WIN,2026-03-30T02:15:13.256020+00:00
1774398600|LONG,1774398600,2026-03-24 20:30:00 ET,2026-03-24 20:30:00 ET,24467.75,,1774405200,2026-03-24 22:20:00 ET,2026-03-24 22:20:00 ET,24366.75,,LONG,21,,,,,,,-0.43767031950902036,-0.43767031950902036,-218.8351597545102,-218.8351597545102,61.24600278409222,30623.001392046117,LOSS,2026-03-30T02:15:13.256072+00:00
1774404900|SHORT,1774404900,2026-03-24 22:15:00 ET,2026-03-24 22:15:00 ET,24366.75,,1774422000,2026-03-25 03:00:00 ET,2026-03-25 03:00:00 ET,24378.0,,SHORT,55,,,,,,,-0.07208337335579129,-0.07208337335579129,-36.04168667789565,-36.04168667789565,61.17391941073643,30586.959705368223,LOSS,2026-03-30T02:15:13.256106+00:00
1774407000|SHORT,1774407000,2026-03-24 22:50:00 ET,2026-03-24 22:50:00 ET,24352.0,2026-03-25,1774409100,2026-03-24 23:25:00 ET,2026-03-24 23:25:00 ET,24339.5,2026-03-25,SHORT,7,35.0,24377.0,-85.0,20.0,500.0,signal_flat,0.5,0.5,250.0,250.0,61.67391941073643,30836.959705368223,WIN,2026-04-14T18:17:42.553071+00:00
1774425900|LONG,1774425900,2026-03-25 04:05:00 ET,2026-03-25 04:05:00 ET,24479.5,,1774442700,2026-03-25 08:45:00 ET,2026-03-25 08:45:00 ET,24427.25,,LONG,55,,,,,,,-0.2383717022690801,-0.2383717022690801,-119.18585113454006,-119.18585113454006,61.435547708467354,30717.77385423368,LOSS,2026-03-30T02:15:13.256144+00:00
1774426200|LONG,1774426200,2026-03-25 04:10:00 ET,2026-03-25 04:10:00 ET,24497.5,2026-03-25,1774427700,2026-03-25 04:35:00 ET,2026-03-25 04:35:00 ET,24472.5,2026-03-25,LONG,5,25.0,24472.5,-560.0,20.0,500.0,loss_cap,-1.0,-1.0,-500.0,-500.0,60.435547708467354,30217.77385423368,LOSS,2026-04-14T20:48:34.601336+00:00
1774427700|LONG,1774427700,2026-03-25 04:35:00 ET,2026-03-25 04:35:00 ET,24496.25,2026-03-25,1774428300,2026-03-25 04:45:00 ET,2026-03-25 04:45:00 ET,24482.75,2026-03-25,LONG,2,10.0,24471.25,-375.0,20.0,500.0,signal_flat,-0.54,-0.54,-270.0,-270.0,59.895547708467355,29947.77385423368,LOSS,2026-04-14T20:48:34.601374+00:00
1774492500|SHORT,1774492500,2026-03-25 22:35:00 ET,2026-03-25 22:35:00 ET,24258.75,2026-03-26,1774492800,2026-03-25 22:40:00 ET,2026-03-25 22:40:00 ET,24283.75,2026-03-26,SHORT,1,5.0,24283.75,-505.0,20.0,500.0,loss_cap,-1.0,-1.0,-500.0,-500.0,58.895547708467355,29447.77385423368,LOSS,2026-04-14T18:17:42.553487+00:00
1774492800|SHORT,1774492800,2026-03-25 22:40:00 ET,2026-03-25 22:40:00 ET,24283.25,2026-03-26,1774494600,2026-03-25 23:10:00 ET,2026-03-25 23:10:00 ET,24308.25,2026-03-26,SHORT,6,30.0,24308.25,-660.0,20.0,500.0,loss_cap,-1.0,-1.0,-500.0,-500.0,57.895547708467355,28947.77385423368,LOSS,2026-04-14T18:17:42.553542+00:00
1774502400|SHORT,1774502400,2026-03-26 01:20:00 ET,2026-03-26 01:20:00 ET,24290.75,,1774519200,2026-03-26 06:00:00 ET,2026-03-26 06:00:00 ET,24155.0,,SHORT,55,,,,,,,0.5350739319123221,0.5350739319123221,267.53696595616105,267.53696595616105,58.43062164037968,29215.310820189843,WIN,2026-03-30T02:15:13.256244+00:00
1774504500|SHORT,1774504500,2026-03-26 01:55:00 ET,2026-03-26 01:55:00 ET,24255.75,2026-03-26,1774506300,2026-03-26 02:25:00 ET,2026-03-26 02:25:00 ET,24280.75,2026-03-26,SHORT,6,30.0,24280.75,-630.0,20.0,500.0,loss_cap,-1.0,-1.0,-500.0,-500.0,57.43062164037968,28715.310820189843,LOSS,2026-04-14T18:17:42.553637+00:00
1774506300|SHORT,1774506300,2026-03-26 02:25:00 ET,2026-03-26 02:25:00 ET,24280.5,2026-03-26,1774506600,2026-03-26 02:30:00 ET,2026-03-26 02:30:00 ET,24276.25,2026-03-26,SHORT,1,5.0,24305.5,-170.0,20.0,500.0,signal_flat,0.16999999999999998,0.16999999999999998,85.0,85.0,57.60062164037968,28800.310820189843,WIN,2026-04-14T18:17:42.553666+00:00
1774514700|SHORT,1774514700,2026-03-26 04:45:00 ET,2026-03-26 04:45:00 ET,24166.0,2026-03-26,1774515300,2026-03-26 04:55:00 ET,2026-03-26 04:55:00 ET,24191.0,2026-03-26,SHORT,2,10.0,24191.0,-735.0,20.0,500.0,loss_cap,-1.0,-1.0,-500.0,-500.0,56.60062164037968,28300.310820189843,LOSS,2026-04-14T18:17:42.553734+00:00
1774515300|SHORT,1774515300,2026-03-26 04:55:00 ET,2026-03-26 04:55:00 ET,24194.5,2026-03-26,1774517100,2026-03-26 05:25:00 ET,2026-03-26 05:25:00 ET,24151.75,2026-03-26,SHORT,6,30.0,24219.5,-65.0,20.0,500.0,signal_flat,1.71,1.71,855.0,855.0,58.31062164037968,29155.310820189843,WIN,2026-04-14T18:17:42.553786+00:00
1774519200|SHORT,1774519200,2026-03-26 06:00:00 ET,2026-03-26 06:00:00 ET,24162.0,2026-03-26,1774519500,2026-03-26 06:05:00 ET,2026-03-26 06:05:00 ET,24187.0,2026-03-26,SHORT,1,5.0,24187.0,-685.0,20.0,500.0,loss_cap,-1.0,-1.0,-500.0,-500.0,57.31062164037968,28655.310820189843,LOSS,2026-04-14T18:17:42.553821+00:00
1774519500|SHORT,1774519500,2026-03-26 06:05:00 ET,2026-03-26 06:05:00 ET,24176.25,2026-03-26,1774520700,2026-03-26 06:25:00 ET,2026-03-26 06:25:00 ET,24201.25,2026-03-26,SHORT,4,20.0,24201.25,-520.0,20.0,500.0,loss_cap,-1.0,-1.0,-500.0,-500.0,56.31062164037968,28155.310820189843,LOSS,2026-04-14T18:17:42.553860+00:00
1774520700|SHORT,1774520700,2026-03-26 06:25:00 ET,2026-03-26 06:25:00 ET,24196.25,2026-03-26,1774521300,2026-03-26 06:35:00 ET,2026-03-26 06:35:00 ET,24159.0,2026-03-26,SHORT,2,10.0,24221.25,-115.0,20.0,500.0,signal_flat,1.49,1.49,745.0,745.0,57.80062164037968,28900.310820189843,WIN,2026-04-14T18:17:42.553894+00:00
1774539000|SHORT,1774539000,2026-03-26 11:30:00 ET,2026-03-26 11:30:00 ET,24063.0,,1774556100,2026-03-26 16:15:00 ET,2026-03-26 16:15:00 ET,23902.5,,SHORT,56,,,,,,,0.641399152625155,0.641399152625155,320.6995763125775,320.6995763125775,58.442020793004836,29221.01039650242,WIN,2026-03-30T02:15:13.256295+00:00
1774588200|LONG,1774588200,2026-03-27 01:10:00 ET,2026-03-27 01:10:00 ET,23971.0,2026-03-27,1774588800,2026-03-27 01:20:00 ET,2026-03-27 01:20:00 ET,23946.0,2026-03-27,LONG,2,10.0,23946.0,-700.0,20.0,500.0,loss_cap,-1.0,-1.0,-500.0,-500.0,57.442020793004836,28721.01039650242,LOSS,2026-04-14T20:48:34.602210+00:00
1774588800|LONG,1774588800,2026-03-27 01:20:00 ET,2026-03-27 01:20:00 ET,23937.25,2026-03-27,1774590300,2026-03-27 01:45:00 ET,2026-03-27 01:45:00 ET,23935.25,2026-03-27,LONG,5,25.0,23912.25,-215.0,20.0,500.0,signal_flat,-0.08,-0.08,-40.0,-40.0,57.36202079300484,28681.01039650242,LOSS,2026-04-14T20:48:34.602264+00:00
1774596600|SHORT,1774596600,2026-03-27 03:30:00 ET,2026-03-27 03:30:00 ET,23864.25,2026-03-27,1774597500,2026-03-27 03:45:00 ET,2026-03-27 03:45:00 ET,23889.25,2026-03-27,SHORT,3,15.0,23889.25,-590.0,20.0,500.0,loss_cap,-1.0,-1.0,-500.0,-500.0,56.36202079300484,28181.01039650242,LOSS,2026-04-14T18:17:42.554267+00:00
1774597500|SHORT,1774597500,2026-03-27 03:45:00 ET,2026-03-27 03:45:00 ET,23885.5,2026-03-27,1774598700,2026-03-27 04:05:00 ET,2026-03-27 04:05:00 ET,23830.25,2026-03-27,SHORT,4,20.0,23910.5,-240.0,20.0,500.0,signal_flat,2.21,2.21,1105.0,1105.0,58.57202079300484,29286.01039650242,WIN,2026-04-14T18:17:42.554309+00:00
1774598700|SHORT,1774598700,2026-03-27 04:05:00 ET,2026-03-27 04:05:00 ET,23830.0,,1774615500,2026-03-27 08:45:00 ET,2026-03-27 08:45:00 ET,23634.0,,SHORT,55,,,,,,,0.8018055364993337,0.8018055364993337,400.90276824966685,400.90276824966685,59.37382632950417,29686.913164752088,WIN,2026-03-30T02:15:13.256380+00:00
1774600800|SHORT,1774600800,2026-03-27 04:40:00 ET,2026-03-27 04:40:00 ET,23796.5,2026-03-27,1774602900,2026-03-27 05:15:00 ET,2026-03-27 05:15:00 ET,23767.0,2026-03-27,SHORT,7,35.0,23821.5,-200.0,20.0,500.0,signal_flat,1.18,1.18,590.0,590.0,60.55382632950417,30276.913164752088,WIN,2026-04-14T18:17:42.554373+00:00
1774611900|SHORT,1774611900,2026-03-27 07:45:00 ET,2026-03-27 07:45:00 ET,23675.75,2026-03-27,1774614000,2026-03-27 08:20:00 ET,2026-03-27 08:20:00 ET,23648.0,2026-03-27,SHORT,7,35.0,23700.75,-285.0,20.0,500.0,signal_flat,1.11,1.11,555.0,555.0,61.66382632950417,30831.913164752088,WIN,2026-04-14T18:17:42.554471+00:00
1774616700|SHORT,1774616700,2026-03-27 09:05:00 ET,2026-03-27 09:05:00 ET,23592.25,,1774639200,2026-03-27 15:20:00 ET,2026-03-27 15:20:00 ET,23353.75,,SHORT,74,,,,,,,0.9859943361502532,0.9859943361502532,492.99716807512664,492.99716807512664,62.649820665654424,31324.910332827214,WIN,2026-03-30T02:15:13.256422+00:00
1774822200|SHORT,1774822200,2026-03-29 18:10:00 ET,2026-03-29 18:10:00 ET,23195.0,2026-03-30,1774822800,2026-03-29 18:20:00 ET,2026-03-29 18:20:00 ET,23220.0,2026-03-30,SHORT,2,10.0,23220.0,-945.0,20.0,500.0,loss_cap,-1.0,-1.0,-500.0,-500.0,61.649820665654424,30824.910332827214,LOSS,2026-04-14T18:17:42.554667+00:00
1774822800|SHORT,1774822800,2026-03-29 18:20:00 ET,2026-03-29 18:20:00 ET,23221.0,2026-03-30,1774824000,2026-03-29 18:40:00 ET,2026-03-29 18:40:00 ET,23173.5,2026-03-30,SHORT,4,20.0,23246.0,-355.0,20.0,500.0,signal_flat,1.9,1.9,950.0,950.0,63.54982066565442,31774.910332827214,WIN,2026-04-14T18:17:42.554718+00:00
1774841700|LONG,1774841700,2026-03-29 23:35:00 ET,2026-03-29 23:35:00 ET,23294.5,2026-03-30,1774844100,2026-03-30 00:15:00 ET,2026-03-30 00:15:00 ET,23307.0,2026-03-30,LONG,8,40.0,23269.5,-315.0,20.0,500.0,signal_flat,0.5,0.5,250.0,250.0,64.04982066565442,32024.910332827214,WIN,2026-04-14T20:48:34.602723+00:00
1774846200|LONG,1774846200,2026-03-30 00:50:00 ET,2026-03-30 00:50:00 ET,23321.0,2026-03-30,1774848300,2026-03-30 01:25:00 ET,2026-03-30 01:25:00 ET,23340.5,2026-03-30,LONG,7,35.0,23296.0,-40.0,20.0,500.0,signal_flat,0.7799999999999999,0.7799999999999999,390.0,390.0,64.82982066565442,32414.910332827214,WIN,2026-04-14T20:48:34.602794+00:00
1774873800|LONG,1774873800,2026-03-30 08:30:00 ET,2026-03-30 08:30:00 ET,23508.0,2026-03-30,1774875900,2026-03-30 09:05:00 ET,2026-03-30 09:05:00 ET,23483.0,2026-03-30,LONG,7,35.0,23483.0,-515.0,20.0,500.0,loss_cap,-1.0,-1.0,-500.0,-500.0,63.829820665654424,31914.910332827214,LOSS,2026-04-14T20:48:34.602984+00:00
1774916400|SHORT,1774916400,2026-03-30 20:20:00 ET,2026-03-30 20:20:00 ET,22980.25,2026-03-31,1774916700,2026-03-30 20:25:00 ET,2026-03-30 20:25:00 ET,23005.25,2026-03-31,SHORT,1,5.0,23005.25,-700.0,20.0,500.0,loss_cap,-1.0,-1.0,-500.0,-500.0,62.829820665654424,31414.910332827214,LOSS,2026-04-14T18:17:42.555178+00:00
1774916700|SHORT,1774916700,2026-03-30 20:25:00 ET,2026-03-30 20:25:00 ET,23011.75,2026-03-31,1774917300,2026-03-30 20:35:00 ET,2026-03-30 20:35:00 ET,23036.75,2026-03-31,SHORT,2,10.0,23036.75,-1725.0,20.0,500.0,loss_cap,-1.0,-1.0,-500.0,-500.0,61.829820665654424,30914.910332827214,LOSS,2026-04-14T18:17:42.555211+00:00
1774917300|SHORT,1774917300,2026-03-30 20:35:00 ET,2026-03-30 20:35:00 ET,23073.5,2026-03-31,1774917600,2026-03-30 20:40:00 ET,2026-03-30 20:40:00 ET,23098.5,2026-03-31,SHORT,1,5.0,23098.5,-1750.0,20.0,500.0,loss_cap,-1.0,-1.0,-500.0,-500.0,60.829820665654424,30414.910332827214,LOSS,2026-04-14T18:17:42.555239+00:00
1774917600|SHORT,1774917600,2026-03-30 20:40:00 ET,2026-03-30 20:40:00 ET,23158.0,2026-03-31,1774917900,2026-03-30 20:45:00 ET,2026-03-30 20:45:00 ET,23183.0,2026-03-31,SHORT,1,5.0,23183.0,-2515.0,20.0,500.0,loss_cap,-1.0,-1.0,-500.0,-500.0,59.829820665654424,29914.910332827214,LOSS,2026-04-14T18:17:42.555267+00:00
1774917900|SHORT,1774917900,2026-03-30 20:45:00 ET,2026-03-30 20:45:00 ET,23245.5,2026-03-31,1774918500,2026-03-30 20:55:00 ET,2026-03-30 20:55:00 ET,23203.0,2026-03-31,SHORT,2,10.0,23270.5,-225.0,20.0,500.0,signal_flat,1.7000000000000002,1.7000000000000002,850.0,850.0,61.52982066565443,30764.910332827214,WIN,2026-04-14T18:17:42.555305+00:00
1775001300|LONG,1775001300,2026-03-31 19:55:00 ET,2026-03-31 19:55:00 ET,24036.25,2026-04-01,1775002800,2026-03-31 20:20:00 ET,2026-03-31 20:20:00 ET,24011.25,2026-04-01,LONG,5,25.0,24011.25,-620.0,20.0,500.0,loss_cap,-1.0,-1.0,-500.0,-500.0,60.52982066565443,30264.910332827214,LOSS,2026-04-14T20:48:34.603670+00:00
1775002800|LONG,1775002800,2026-03-31 20:20:00 ET,2026-03-31 20:20:00 ET,24027.0,2026-04-01,1775003400,2026-03-31 20:30:00 ET,2026-03-31 20:30:00 ET,24002.0,2026-04-01,LONG,2,10.0,24002.0,-695.0,20.0,500.0,loss_cap,-1.0,-1.0,-500.0,-500.0,59.52982066565443,29764.910332827214,LOSS,2026-04-14T20:48:34.603707+00:00
1775003400|LONG,1775003400,2026-03-31 20:30:00 ET,2026-03-31 20:30:00 ET,24003.25,2026-04-01,1775003700,2026-03-31 20:35:00 ET,2026-03-31 20:35:00 ET,24007.0,2026-04-01,LONG,1,5.0,23978.25,-55.0,20.0,500.0,signal_flat,0.15,0.15,75.0,75.0,59.679820665654425,29839.910332827214,WIN,2026-04-14T20:48:34.603744+00:00
1775024100|LONG,1775024100,2026-04-01 02:15:00 ET,2026-04-01 02:15:00 ET,24094.0,2026-04-01,1775028000,2026-04-01 03:20:00 ET,2026-04-01 03:20:00 ET,24139.0,2026-04-01,LONG,13,65.0,24069.0,-45.0,20.0,500.0,signal_flat,1.7999999999999998,1.7999999999999998,900.0,900.0,61.47982066565442,30739.910332827214,WIN,2026-04-14T20:48:34.603942+00:00
1775034300|SHORT,1775034300,2026-04-01 05:05:00 ET,2026-04-01 05:05:00 ET,24046.25,2026-04-01,1775036400,2026-04-01 05:40:00 ET,2026-04-01 05:40:00 ET,24050.25,2026-04-01,SHORT,7,35.0,24071.25,-180.0,20.0,500.0,signal_flat,-0.16,-0.16,-80.0,-80.0,61.319820665654426,30659.910332827214,LOSS,2026-04-14T18:17:42.555909+00:00
1775043000|LONG,1775043000,2026-04-01 07:30:00 ET,2026-04-01 07:30:00 ET,24162.0,2026-04-01,1775045100,2026-04-01 08:05:00 ET,2026-04-01 08:05:00 ET,24176.5,2026-04-01,LONG,7,35.0,24137.0,-30.0,20.0,500.0,signal_flat,0.58,0.58,290.0,290.0,61.899820665654424,30949.910332827214,WIN,2026-04-14T20:48:34.604081+00:00
1775061900|LONG,1775061900,2026-04-01 12:45:00 ET,2026-04-01 12:45:00 ET,24325.0,2026-04-01,1775064000,2026-04-01 13:20:00 ET,2026-04-01 13:20:00 ET,24338.75,2026-04-01,LONG,7,35.0,24300.0,-215.0,20.0,500.0,signal_flat,0.5499999999999999,0.5499999999999999,275.0,275.0,62.44982066565442,31224.910332827214,WIN,2026-04-14T20:48:34.604273+00:00
1775067300|SHORT,1775067300,2026-04-01 14:15:00 ET,2026-04-01 14:15:00 ET,24188.0,2026-04-01,1775070300,2026-04-01 15:05:00 ET,2026-04-01 15:05:00 ET,24193.75,2026-04-01,SHORT,10,50.0,24213.0,-335.0,20.0,500.0,signal_flat,-0.22999999999999998,-0.22999999999999998,-115.0,-115.0,62.219820665654424,31109.910332827214,LOSS,2026-04-14T18:17:42.556130+00:00
1775070900|SHORT,1775070900,2026-04-01 15:15:00 ET,2026-04-01 15:15:00 ET,24211.5,2026-04-01,1775071500,2026-04-01 15:25:00 ET,2026-04-01 15:25:00 ET,24236.5,2026-04-01,SHORT,2,10.0,24236.5,-685.0,20.0,500.0,loss_cap,-1.0,-1.0,-500.0,-500.0,61.219820665654424,30609.910332827214,LOSS,2026-04-14T17:01:02.272721+00:00
1775072400|SHORT,1775072400,2026-04-01 15:40:00 ET,2026-04-01 15:40:00 ET,24228.75,2026-04-01,1775074500,2026-04-01 16:15:00 ET,2026-04-01 16:15:00 ET,24203.75,2026-04-01,SHORT,7,35.0,24253.75,-295.0,20.0,500.0,signal_flat,1.0,1.0,500.0,500.0,62.219820665654424,31109.910332827214,WIN,2026-04-14T18:17:42.556197+00:00
1775073600|SHORT,1775073600,2026-04-01 16:00:00 ET,2026-04-01 16:00:00 ET,24186.0,2026-04-01,1775075700,2026-04-01 16:35:00 ET,2026-04-01 16:35:00 ET,24194.25,2026-04-01,SHORT,7,35.0,24211.0,-400.0,20.0,500.0,signal_flat,-0.33,-0.33,-165.0,-165.0,61.889820665654426,30944.910332827214,LOSS,2026-04-14T17:01:02.272793+00:00
1775108700|SHORT,1775108700,2026-04-02 01:45:00 ET,2026-04-02 01:45:00 ET,23762.0,2026-04-02,1775109900,2026-04-02 02:05:00 ET,2026-04-02 02:05:00 ET,23787.0,2026-04-02,SHORT,4,20.0,23787.0,-625.0,20.0,500.0,loss_cap,-1.0,-1.0,-500.0,-500.0,60.889820665654426,30444.910332827214,LOSS,2026-04-14T18:17:42.556380+00:00
1775109900|SHORT,1775109900,2026-04-02 02:05:00 ET,2026-04-02 02:05:00 ET,23779.0,2026-04-02,1775110800,2026-04-02 02:20:00 ET,2026-04-02 02:20:00 ET,23784.0,2026-04-02,SHORT,3,15.0,23804.0,-195.0,20.0,500.0,signal_flat,-0.2,-0.2,-100.0,-100.0,60.68982066565442,30344.910332827214,LOSS,2026-04-14T18:17:42.556420+00:00
1775129700|SHORT,1775129700,2026-04-02 07:35:00 ET,2026-04-02 07:35:00 ET,23711.5,2026-04-02,1775131800,2026-04-02 08:10:00 ET,2026-04-02 08:10:00 ET,23691.25,2026-04-02,SHORT,7,35.0,23736.5,-400.0,20.0,500.0,signal_flat,0.8099999999999999,0.8099999999999999,405.0,405.0,61.499820665654426,30749.910332827214,WIN,2026-04-14T18:17:42.556577+00:00
1775162700|LONG,1775162700,2026-04-02 16:45:00 ET,2026-04-02 16:45:00 ET,24215.25,2026-04-02,1775163000,2026-04-02 16:50:00 ET,2026-04-02 16:50:00 ET,24211.75,2026-04-02,LONG,1,5.0,24190.25,-140.0,20.0,500.0,signal_flat,-0.13999999999999999,-0.13999999999999999,-70.0,-70.0,61.359820665654425,30679.910332827214,LOSS,2026-04-14T20:48:34.604798+00:00
1775437500|LONG,1775437500,2026-04-05 21:05:00 ET,2026-04-05 21:05:00 ET,24218.25,2026-04-06,1775440200,2026-04-05 21:50:00 ET,2026-04-05 21:50:00 ET,24197.0,2026-04-06,LONG,9,45.0,24193.25,-480.0,20.0,500.0,signal_flat,-0.8500000000000001,-0.8500000000000001,-425.0,-425.0,60.50982066565442,30254.910332827214,LOSS,2026-04-14T20:48:34.605056+00:00
1775462400|LONG,1775462400,2026-04-06 04:00:00 ET,2026-04-06 04:00:00 ET,24335.0,2026-04-06,1775467800,2026-04-06 05:30:00 ET,2026-04-06 05:30:00 ET,24383.5,2026-04-06,LONG,18,90.0,24310.0,-420.0,20.0,500.0,time_cap,1.94,1.94,970.0,970.0,62.44982066565442,31224.910332827214,WIN,2026-04-14T20:48:34.605301+00:00
1775467800|LONG,1775467800,2026-04-06 05:30:00 ET,2026-04-06 05:30:00 ET,24383.0,2026-04-06,1775469000,2026-04-06 05:50:00 ET,2026-04-06 05:50:00 ET,24358.0,2026-04-06,LONG,4,20.0,24358.0,-1020.0,20.0,500.0,loss_cap,-1.0,-1.0,-500.0,-500.0,61.44982066565442,30724.910332827214,LOSS,2026-04-14T20:48:34.605347+00:00
1775526600|SHORT,1775526600,2026-04-06 21:50:00 ET,2026-04-06 21:50:00 ET,24197.75,2026-04-07,1775528700,2026-04-06 22:25:00 ET,2026-04-06 22:25:00 ET,24195.0,2026-04-07,SHORT,7,35.0,24222.75,-130.0,20.0,500.0,signal_flat,0.11,0.11,55.0,55.0,61.55982066565442,30779.910332827214,WIN,2026-04-14T18:17:42.557354+00:00
1775534700|SHORT,1775534700,2026-04-07 00:05:00 ET,2026-04-07 00:05:00 ET,24212.75,2026-04-07,1775535900,2026-04-07 00:25:00 ET,2026-04-07 00:25:00 ET,24237.75,2026-04-07,SHORT,4,20.0,24237.75,-585.0,20.0,500.0,loss_cap,-1.0,-1.0,-500.0,-500.0,60.55982066565442,30279.910332827214,LOSS,2026-04-07T06:51:59.889413+00:00
1775535900|SHORT,1775535900,2026-04-07 00:25:00 ET,2026-04-07 00:25:00 ET,24227.0,2026-04-07,1775536200,2026-04-07 00:30:00 ET,2026-04-07 00:30:00 ET,24245.25,2026-04-07,SHORT,1,5.0,24252.0,-440.0,20.0,500.0,signal_flat,-0.73,-0.73,-365.0,-365.0,59.829820665654424,29914.910332827214,LOSS,2026-04-07T05:27:27.527814+00:00
1775550000|LONG,1775550000,2026-04-07 04:20:00 ET,2026-04-07 04:20:00 ET,24354.0,2026-04-07,1775550300,2026-04-07 04:25:00 ET,2026-04-07 04:25:00 ET,24329.0,2026-04-07,LONG,1,5.0,24329.0,-505.0,20.0,500.0,loss_cap,-1.0,-1.0,-500.0,-500.0,58.829820665654424,29414.910332827214,LOSS,2026-04-14T20:48:34.605784+00:00
1775550300|LONG,1775550300,2026-04-07 04:25:00 ET,2026-04-07 04:25:00 ET,24336.5,2026-04-07,1775555700,2026-04-07 05:55:00 ET,2026-04-07 05:55:00 ET,24385.25,2026-04-07,LONG,18,90.0,24311.5,-70.0,20.0,500.0,time_cap,1.95,1.95,975.0,975.0,60.77982066565443,30389.910332827214,WIN,2026-04-14T20:48:34.605895+00:00
1775555700|LONG,1775555700,2026-04-07 05:55:00 ET,2026-04-07 05:55:00 ET,24387.0,2026-04-07,1775556300,2026-04-07 06:05:00 ET,2026-04-07 06:05:00 ET,24362.0,2026-04-07,LONG,2,10.0,24362.0,-1840.0,20.0,500.0,loss_cap,-1.0,-1.0,-500.0,-500.0,59.77982066565443,29889.910332827214,LOSS,2026-04-14T20:48:34.605928+00:00
1775556300|LONG,1775556300,2026-04-07 06:05:00 ET,2026-04-07 06:05:00 ET,24358.5,2026-04-07,1775557200,2026-04-07 06:20:00 ET,2026-04-07 06:20:00 ET,24380.0,2026-04-07,LONG,3,15.0,24333.5,-490.0,20.0,500.0,signal_flat,0.86,0.86,430.0,430.0,60.639820665654426,30319.910332827214,WIN,2026-04-14T20:48:34.605971+00:00
1775561400|SHORT,1775561400,2026-04-07 07:30:00 ET,2026-04-07 07:30:00 ET,24204.25,2026-04-07,1775563500,2026-04-07 08:05:00 ET,2026-04-07 08:05:00 ET,24229.25,2026-04-07,SHORT,7,35.0,24229.25,-540.0,20.0,500.0,loss_cap,-1.0,-1.0,-500.0,-500.0,59.639820665654426,29819.910332827214,LOSS,2026-04-14T18:17:42.557570+00:00
1775655600|SHORT,1775655600,2026-04-08 09:40:00 ET,2026-04-08 09:40:00 ET,25099.25,2026-04-08,1775655900,2026-04-08 09:45:00 ET,2026-04-08 09:45:00 ET,25124.25,2026-04-08,SHORT,1,5.0,25124.25,-1240.0,20.0,500.0,loss_cap,-1.0,-1.0,-500.0,-500.0,58.639820665654426,29319.910332827214,LOSS,2026-04-14T14:26:22.278059+00:00
1775655900|SHORT,1775655900,2026-04-08 09:45:00 ET,2026-04-08 09:45:00 ET,25153.25,2026-04-08,1775657700,2026-04-08 10:15:00 ET,2026-04-08 10:15:00 ET,25064.25,2026-04-08,SHORT,6,30.0,25178.25,-5.0,20.0,500.0,signal_flat,3.56,3.56,1780.0,1780.0,62.19982066565443,31099.910332827214,WIN,2026-04-14T14:26:22.278115+00:00
1775668200|LONG,1775668200,2026-04-08 13:10:00 ET,2026-04-08 13:10:00 ET,25123.75,2026-04-08,1775668800,2026-04-08 13:20:00 ET,2026-04-08 13:20:00 ET,25098.75,2026-04-08,LONG,2,10.0,25098.75,-735.0,20.0,500.0,loss_cap,-1.0,-1.0,-500.0,-500.0,61.19982066565443,30599.910332827214,LOSS,2026-04-14T20:48:34.606589+00:00
1775668800|LONG,1775668800,2026-04-08 13:20:00 ET,2026-04-08 13:20:00 ET,25092.5,2026-04-08,1775669700,2026-04-08 13:35:00 ET,2026-04-08 13:35:00 ET,25067.5,2026-04-08,LONG,3,15.0,25067.5,-550.0,20.0,500.0,loss_cap,-1.0,-1.0,-500.0,-500.0,60.19982066565443,30099.910332827214,LOSS,2026-04-14T20:48:34.606628+00:00
1775669700|LONG,1775669700,2026-04-08 13:35:00 ET,2026-04-08 13:35:00 ET,25086.5,2026-04-08,1775670300,2026-04-08 13:45:00 ET,2026-04-08 13:45:00 ET,25089.0,2026-04-08,LONG,2,10.0,25061.5,-105.0,20.0,500.0,signal_flat,0.1,0.1,50.0,50.0,60.29982066565443,30149.910332827214,WIN,2026-04-14T20:48:34.606665+00:00
1775674200|SHORT,1775674200,2026-04-08 14:50:00 ET,2026-04-08 14:50:00 ET,24994.0,2026-04-08,1775676300,2026-04-08 15:25:00 ET,2026-04-08 15:25:00 ET,24957.5,2026-04-08,SHORT,7,35.0,25019.0,-360.0,20.0,500.0,signal_flat,1.46,1.46,730.0,730.0,61.75982066565443,30879.910332827214,WIN,2026-04-14T18:17:42.558133+00:00
1775742000|LONG,1775742000,2026-04-09 09:40:00 ET,2026-04-09 09:40:00 ET,25100.0,2026-04-09,1775742300,2026-04-09 09:45:00 ET,2026-04-09 09:45:00 ET,25075.0,2026-04-09,LONG,1,5.0,25075.0,-775.0,20.0,500.0,loss_cap,-1.0,-1.0,-500.0,-500.0,60.75982066565443,30379.910332827214,LOSS,2026-04-14T20:48:34.607044+00:00
1775742300|LONG,1775742300,2026-04-09 09:45:00 ET,2026-04-09 09:45:00 ET,25075.0,2026-04-09,1775742600,2026-04-09 09:50:00 ET,2026-04-09 09:50:00 ET,25050.0,2026-04-09,LONG,1,5.0,25050.0,-1205.0,20.0,500.0,loss_cap,-1.0,-1.0,-500.0,-500.0,59.75982066565443,29879.910332827214,LOSS,2026-04-14T20:48:34.607073+00:00
1775742600|LONG,1775742600,2026-04-09 09:50:00 ET,2026-04-09 09:50:00 ET,25020.25,2026-04-09,1775744100,2026-04-09 10:15:00 ET,2026-04-09 10:15:00 ET,24995.25,2026-04-09,LONG,5,25.0,24995.25,-885.0,20.0,500.0,loss_cap,-1.0,-1.0,-500.0,-500.0,58.75982066565443,29379.910332827214,LOSS,2026-04-14T20:48:34.607121+00:00
1775841900|SHORT,1775841900,2026-04-10 13:25:00 ET,2026-04-10 13:25:00 ET,25232.75,2026-04-10,1775843100,2026-04-10 13:45:00 ET,2026-04-10 13:45:00 ET,25257.75,2026-04-10,SHORT,4,20.0,25257.75,-515.0,20.0,500.0,loss_cap,-1.0,-1.0,-500.0,-500.0,57.75982066565443,28879.910332827214,LOSS,2026-04-14T18:17:42.558937+00:00
1775843100|SHORT,1775843100,2026-04-10 13:45:00 ET,2026-04-10 13:45:00 ET,25254.25,2026-04-10,1775844000,2026-04-10 14:00:00 ET,2026-04-10 14:00:00 ET,25250.0,2026-04-10,SHORT,3,15.0,25279.25,-435.0,20.0,500.0,signal_flat,0.16999999999999998,0.16999999999999998,85.0,85.0,57.92982066565443,28964.910332827214,WIN,2026-04-14T18:17:42.558978+00:00
1776043800|LONG,1776043800,2026-04-12 21:30:00 ET,2026-04-12 21:30:00 ET,25080.25,2026-04-13,1776046200,2026-04-12 22:10:00 ET,2026-04-12 22:10:00 ET,25063.25,2026-04-13,LONG,8,40.0,25055.25,-460.0,20.0,500.0,signal_flat,-0.6799999999999999,-0.6799999999999999,-340.0,-340.0,57.24982066565443,28624.910332827214,LOSS,2026-04-14T20:48:34.607836+00:00
1776103800|LONG,1776103800,2026-04-13 14:10:00 ET,2026-04-13 14:10:00 ET,25416.75,2026-04-13,1776105900,2026-04-13 14:45:00 ET,2026-04-13 14:45:00 ET,25435.5,2026-04-13,LONG,7,35.0,25391.75,-415.0,20.0,500.0,signal_flat,0.75,0.75,375.0,375.0,57.99982066565443,28999.910332827214,WIN,2026-04-14T20:48:34.608214+00:00
1776110700|LONG,1776110700,2026-04-13 16:05:00 ET,2026-04-13 16:05:00 ET,25547.0,2026-04-13,1776113400,2026-04-13 16:50:00 ET,2026-04-13 16:50:00 ET,25576.0,2026-04-13,LONG,9,45.0,25522.0,-100.0,20.0,500.0,signal_flat,1.16,1.16,580.0,580.0,59.15982066565443,29579.910332827214,WIN,2026-04-14T20:48:34.608309+00:00
1776117600|LONG,1776117600,2026-04-13 18:00:00 ET,2026-04-13 18:00:00 ET,25578.25,2026-04-14,1776120000,2026-04-13 18:40:00 ET,2026-04-13 18:40:00 ET,25586.5,2026-04-14,LONG,8,40.0,25553.25,-65.0,20.0,500.0,signal_flat,0.33,0.33,165.0,165.0,59.48982066565443,29744.910332827214,WIN,2026-04-14T20:48:34.608389+00:00
1776184200|LONG,1776184200,2026-04-14 12:30:00 ET,2026-04-14 12:30:00 ET,25914.5,2026-04-14,1776186300,2026-04-14 13:05:00 ET,2026-04-14 13:05:00 ET,25913.75,2026-04-14,LONG,7,35.0,25889.5,-210.0,20.0,500.0,signal_flat,-0.03,-0.03,-15.0,-15.0,59.459820665654426,29729.910332827214,LOSS,2026-04-14T20:48:34.608797+00:00
1776188400|LONG,1776188400,2026-04-14 13:40:00 ET,2026-04-14 13:40:00 ET,25963.75,2026-04-14,1776190200,2026-04-14 14:10:00 ET,2026-04-14 14:10:00 ET,25938.75,2026-04-14,LONG,6,30.0,25938.75,-565.0,20.0,500.0,loss_cap,-1.0,-1.0,-500.0,-500.0,58.459820665654426,29229.910332827214,LOSS,2026-04-14T20:48:34.608859+00:00
1776190200|LONG,1776190200,2026-04-14 14:10:00 ET,2026-04-14 14:10:00 ET,25937.25,2026-04-14,1776190500,2026-04-14 14:15:00 ET,2026-04-14 14:15:00 ET,25912.25,2026-04-14,LONG,1,5.0,25912.25,-685.0,20.0,500.0,loss_cap,-1.0,-1.0,-500.0,-500.0,57.459820665654426,28729.910332827214,LOSS,2026-04-14T20:48:34.608887+00:00
